domainName,threatLevel,date
onedrive-v3g.rene-zirnflex-co-zw-s-account.workers.dev,2,2026-03-24T07:09:12.316Z
docusign-5dl.brooke-spnrbuilt-com-s-account.workers.dev,2,2026-03-24T01:20:20.639Z
onedrive-2uu.arihant-hiroki-dropons-com-s-account.workers.dev,2,2026-03-24T01:27:03.518Z
adobe-e8p.wakajeje-aol-com-s-account.workers.dev,2,2026-03-23T23:36:34.908Z
onedrive-39c.nagi-dartanian-dropons-com-s-account.workers.dev,2,2026-03-23T22:38:43.900Z
docusign-7qr.trisha-miller-echoues-com-s-account.workers.dev,2,2026-03-23T16:34:32.578Z
adobe-7a7.jwilliamson-williamsonengineering-ca-s-account.workers.dev,2,2026-03-23T11:26:31.859Z
voicemail-whg.ucbqzm9-ucl-ac-uk-s-account.workers.dev,2,2026-03-21T06:05:10.656Z
docusign-3ea.gemma-bridgeleicester-org-s-account.workers.dev,2,2026-03-21T00:08:34.373Z
calendar_invite-xhu.muuzed.workers.dev,2,2026-03-20T21:04:53.870Z
onedrive-m8z.yann-oakes-dropmeon-com-s-account.workers.dev,2,2026-03-20T19:06:47.113Z
sharepoint-dkc.eschwamburger-franklinimaging-com-s-account.workers.dev,2,2026-03-20T15:44:13.488Z
docusign-rio.accounting-rpfralininc-com-s-account.workers.dev,2,2026-03-20T13:57:39.732Z
onedrive-7fp.davarius-thackery-dropmeon-com-s-account.workers.dev,2,2026-03-20T05:08:17.870Z
quarantine-ecl.kevin-domae-ca-s-account.workers.dev,2,2026-03-19T22:36:34.876Z
adobe-fmt.vrassilor72.workers.dev,2,2026-03-19T23:21:48.170Z
onedrive-n01.amittal-prodwaresol-com-s-account.workers.dev,2,2026-03-19T21:28:53.992Z
docusign-ys7.brutkowski-dht-inc-com-s-account.workers.dev,2,2026-03-19T00:42:35.125Z
adobe-y73.letsgo-birdynyc-com-s-account.workers.dev,2,2026-03-19T08:05:43.607Z
onedrive-m0n.amittal-prodwaresol-com-s-account.workers.dev,2,2026-03-19T00:46:26.591Z
onedrive-8u8.aerobotilx-nets-account.workers.dev,2,2026-03-18T22:01:54.767Z
sharepoint-rdu.greenstonesplumbing-outlook-com-s-account.workers.dev,2,2026-03-18T19:21:54.063Z
onedrive-6dx.kevin-domae-ca-s-account.workers.dev,2,2026-03-18T17:28:26.767Z
onedrive-a8c.flucena-polycreterrestorations-com-s-account.workers.dev,2,2026-03-18T17:31:07.060Z
onedrive-ac4.ryker-samik-dropmeon-com-s-account.workers.dev,2,2026-03-18T16:57:57.764Z
adobe-t4z.cloudstoage-edocumentcommand.workers.dev,2,2026-03-18T15:49:19.208Z
fax-m11.pcorrigan-shaheenbros-com-s-account.workers.dev,2,2026-03-18T13:05:46.947Z
docusign-esq.chiara-mentasti-bi-qem-com-s-account.workers.dev,2,2026-03-18T11:03:46.435Z
onedrive-gw2.singer-bodners-bau-at-s-account.workers.dev,2,2026-03-18T06:33:32.052Z
onedrive-hhq.franky-kellum-dropmeon-com-s-account.workers.dev,2,2026-03-18T02:40:08.375Z
docusign-ttu.gihida6940-ostahie-com-s-account.workers.dev,2,2026-03-18T00:06:23.143Z
docusign-b0g.chadmartin-smokeyspointelectric-com-s-account.workers.dev,2,2026-03-17T18:19:17.106Z
adobe-gnb.emily-c57.workers.dev,2,2026-03-17T17:34:15.843Z
onedrive-nck.lucianna-info2.workers.dev,2,2026-03-17T16:33:06.402Z
docusign-9jc.bartholomew-turner-ad-hocresearch-com-s-account.workers.dev,2,2026-03-17T13:48:43.969Z
executioncopy-7f6.vpuri-outpastmgt-com-s-account.workers.dev,2,2026-03-17T10:43:00.033Z
voicemail-txc.alikatici12-gmail-com-s-account.workers.dev,2,2026-03-17T04:15:13.243Z
quarantine-gd3.abilene.workers.dev,2,2026-03-16T12:59:04.059Z
adobe-k51.alikatici12-gmail-com-s-account.workers.dev,2,2026-03-16T16:20:38.429Z
adobe-m03.nelabal331-hlkes-com-s-account.workers.dev,2,2026-03-16T15:34:16.494Z
docusign-o58.phemnani-jscottarchitects-com-s-account.workers.dev,2,2026-03-16T15:08:19.714Z
adobe-h7l.gregcausey-hyundaicrenshaw-com-s-account.workers.dev,2,2026-03-16T11:13:58.522Z
docusign-kgi.45aeaea6a562a240adba4d2c.workers.dev,2,2026-03-14T03:23:19.728Z
adobe-82a.ruben-nunez-grupomarva-com-s-account.workers.dev,2,2026-03-16T08:16:47.950Z
onedrive-z9s.ac10ab743c2d1b0d6b9e62e4.workers.dev,2,2026-03-15T05:18:13.857Z
still-wood-97ac.travreed427.workers.dev,2,2026-03-13T22:06:07.712Z
onedrive-9u1.ketch-ayuub-dropmeon-com-s-account.workers.dev,2,2026-03-13T22:04:38.899Z
adobe-13k.laurelee-patience.workers.dev,2,2026-03-13T12:06:33.570Z
adobe-dwj.jamie-argyle.workers.dev,2,2026-03-13T11:12:09.648Z
adobe-u3o.iwlgxdclo40mx-gmx-com-s-account.workers.dev,2,2026-03-12T21:27:14.824Z
docusign-w4f.amir-nrmfinancial-com-s-account.workers.dev,2,2026-03-12T21:12:15.300Z
onedrive-lxu.cfreda-radonh2o-com-s-account.workers.dev,2,2026-03-12T10:28:29.629Z
docusign-4ei.noemi-cuevas-anytimefitness-com-s-account.workers.dev,2,2026-03-11T21:20:41.820Z
sharepoint-aah.wshi-sophuslaw-com-s-account.workers.dev,2,2026-03-11T19:40:39.717Z
docusign-vsy.aply7lu.workers.dev,2,2026-03-11T18:14:09.544Z
calendar_invite-da7.admin-jkdex-com-au-s-account.workers.dev,2,2026-03-11T17:52:42.926Z
onedrive-vkf.documents-georrg-com-s-account.workers.dev,2,2026-03-11T17:40:23.222Z
index-7oo.chris-burke-scaforn-rux-com-s-account.workers.dev,2,2026-03-11T17:14:10.066Z
onedrive-18w.abilene.workers.dev,2,2026-03-11T13:55:58.598Z
docusign-2r3.noemi-cuevas-anytimefitness-com-s-account.workers.dev,2,2026-03-11T12:19:34.607Z
docusign-410.matti-huuki-slatek-fi-s-account.workers.dev,2,2026-03-11T10:39:57.771Z
docusign-cgw.cloudstoage-edocumentcommand.workers.dev,2,2026-03-11T09:15:50.444Z
docusign-x3q.gihida6940-ostahie-com-s-account.workers.dev,2,2026-03-10T23:36:00.782Z
onedrive-9ly.rough-rice-b41b.workers.dev,2,2026-03-10T21:41:02.466Z
docusign-p4h.gordon-gljacobs-com-s-account.workers.dev,2,2026-03-10T19:56:56.507Z
adobe-3mz.online-valuation-statement-capital-account.workers.dev,2,2026-03-10T18:01:40.568Z
