Type,Value
domain,meetingtv.us
domain,webinarstvus.cloudfunctions.net
domain,zoocorder.firebaseio.com
domain,infinitynewtab.com
domain,infinitytab.com
domain,jt2x.com
domain,zhuayuya.com
domain,58.144.143.27
domain,muo.cc
domain,websiteshare.cn
domain,diytab.com
domain,userscss.top
domain,istartnewtab.com
domain,letsearchesp.com
domain,policies.extfans.com
domain,gmzdaily.com
extensionid,kfokdmfpdnokpmpbjhjbcabgligoelgp
extensionid,pdadlkbckhinonakkfkdaadceojbekep
extensionid,akmdionenlnfcipmdhbhcnkighafmdha
extensionid,pabkjoplheapcclldpknfpcepheldbga
extensionid,aedgpiecagcpmehhelbibfbgpfiafdkm
extensionid,dpdgjbnanmmlikideilnpfjjdbmneanf
extensionid,kabbfhmcaaodobkfbnnehopcghicgffo
extensionid,cphibdhgbdoekmkkcbbaoogedpfibeme
extensionid,ceofheakaalaecnecdkdanhejojkpeai
extensionid,dakebdbeofhmlnmjlmhjdmmjmfohiicn
extensionid,adjoknoacleghaejlggocbakidkoifle
extensionid,pgpidfocdapogajplhjofamgeboonmmj
extensionid,ifklcpoenaammhnoddgedlapnodfcjpn
extensionid,ebhomdageggjbmomenipfbhcjamfkmbl
extensionid,ajfokipknlmjhcioemgnofkpmdnbaldi
extensionid,mhjdjckeljinofckdibjiojbdpapoecj
extensionid,aikflfpejipbpjdlfabpgclhblkpaafo
extensionid,dbfmnekepjoapopniengjbcpnbljalfg
extensionid,nnnkddnnlpamobajfibfdgfnbcnkgngh
extensionid,ppfdcmempdfjnanjegmjhanplgjicefg
extensionid,fmiefmaepcnjahoajkfckenfngfehhma
extensionid,edojphplonjclmfckdiolpahpgcanjnh
extensionid,bjehnpiidogpaocjjfhnopdjcahigggm
extensionid,kdgjiakonpbfmndaacfhamdoangincgp
extensionid,dihekmadkkcgnffajefocfamnpimlhah
extensionid,eijnkinhnplaekpllmgbbfieecdhcmcp
extensionid,mdlkdelnchilkeedllnnjfigkhhadlff
extensionid,agepkkdokhlaoiaenedmjbfnblfdiboc
extensionid,epepbcdeelckgplpmmmnmjplbeipgllo
extensionid,makeekhnfplggoaiklkphfopajegajci
extensionid,cahdpfhnokmnnjhoaoliabdbcbbokmgc
extensionid,mmpfmolbdhdfoblfggigchncdgmdnjha
extensionid,knejepegjmjmjlhficbikmblnbemdpke
extensionid,cjlabngphhjjdapemkdnpgkpebkpjbbe
extensionid,jeaebbdndojkbnnfcaihgokhnakocbnf
extensionid,bajoeadpdidoahbhphmhejmbdmgnbdci
extensionid,goiffchdhlcehhgdpdbocefkohlhmlom
extensionid,djkddblnfgendjoklmfmocaboelkmdkm
extensionid,codgofkgobbmgglciccjabipdlgefnch
extensionid,cicnbbdlbjaoioilpbdioeeaockgbhfi
extensionid,mchacgmgddefeohkjobefhihbadocneh
extensionid,oelcnhfgpdjeocflhhfecinnpjojeokp
extensionid,fllcifcfhgmmfpogmpedgbjccnjalpjo
extensionid,fmgaogkbodhdhhbgkphhbokciiecllno
extensionid,dkbpkjhegfanacodkmfjeackckmehkfp
extensionid,jooiimddfkjoomennmpjabdbbpdocjng
extensionid,dekjibpkbhgbnmnfibnibnjoccaphfog
extensionid,mnamhmcgcfflfjafflanbhbfffpmkmmm
extensionid,ambcheakfbokmebglefpbbphbccekhhl
extensionid,nmaegedpdmepbkahckadmaolllgmogma
extensionid,doeomodlafdbbnajjllemacdfphbbohl
extensionid,meobjhkdifjealkiaanikkpajiaalcad
extensionid,kfdopiiledmclnopmihkclnfgdiggjna
extensionid,cfgiodgnkinmacjkgjgdejeciohojglp
extensionid,okepehobneenpbhiendcjcanjodhmcbj
extensionid,cdgonefipacceedbkflolomdegncceid
extensionid,bgkdocoihppjkdfaghndpjlfoehjcmka
extensionid,ldmnodpmebcfcdkejkdakphbcjnmejlf
extensionid,pdfladlchakneeclhmpoboohikpbchkj
extensionid,gipnpcencdgljnaecpekokmpgnhgpela
extensionid,idholfkkmfccbondfiabhlmdfeamnnaj
extensionid,bpgaffohfacaamplbbojgbiicfgedmoi
extensionid,jdehnhjckcbfdkgnlbfjokofagpbbdgl
extensionid,dijcdmefkmlhnbkcejcmepheakikgpdg
extensionid,gndlcpbcmhbcaadppjjekgbhfhceeikm
extensionid,lepdjbhbkpfenckechpdfohdmkhogojf
extensionid,hbjeophpjnopmeheabcilmgdhnnjbmbo
extensionid,dlfjoijnhjeagkenhbililbdiooginng
extensionid,kolgdodmgnnhnijmnnidfabnghgakobl
extensionid,edohfgmjmdnibeihfcajfclmhapjkooa
extensionid,pdjpkfbpeniinkdlmibcdebccnkimnna
extensionid,hmpjibmngagmkafmijncjokocepchnea
extensionid,kljbaedmklfnlgfmmbodnckafhllkjnd
extensionid,lmppkgmbapjgihlpadknmfalefnfnfnd
extensionid,ldghoefcghcinacfneopmnechojlhldf
extensionid,mgjfjcimpkdjgeldkcaoboiojmlcleka
extensionid,aghafppaelpjbjajpgcogcojcbmappoi
extensionid,kgdjeaonamhfooejllllfpeappcgfpod
extensionid,knjgknhkgmedmajpkhooaagjgfgbcndo
extensionid,apoklfecapckgpbbcpaiebemaghmkncf
extensionid,podfjomopoejmlkfnhanlmlagcnlappd
extensionid,idngjfdlfbfgecemidnhbdcogggnjkpg
extensionid,kghabofklgjfnipgkjadlogcjbebkeid
extensionid,fmmfeaoidanfcipomjfolmchjdnhmaio
extensionid,cfmfokegjjljmdcdpnmlfajlddngkoah
extensionid,eoimljninkkepafoijpgbedkkieobfek
extensionid,ojmaccnnagaiokckbcpdldhnifkibcah
extensionid,bhoebgegnjoehioianjnjakeeggajanb
extensionid,edojphplonjclmfckdiolpahpgcanjnh
extensionid,leaglmohfmgdengbciphnodmcgfgdgnf
extensionid,ljdhejdbbogemelgkihbabifpfdfomcc
extensionid,hfokkkgobhlkcagflcbgcokdbnknfngo
extensionid,hilgkhepkfjdkkdigphhcgmghefdledg
extensionid,jipclfaahkhinbelbojjblmbcpkaipko
extensionid,cmckpheolajgbmhlfhgelajhhfgjbhpk
extensionid,jjdhjfgoadphekgihokkigfghndfmffb
extensionid,nelegdbdfopcgkignnifhdoiapldlhpf
extensionid,dnojfjfegklgconkoekfkaajejmdgdkj
extensionid,nnceocbiolncfljcmajijmeakcdlffnh
extensionid,dacliiapfipnlipdmifioaijepgmhdga
extensionid,cpbbiepjnljbnngpepgeaojjeneacpld
extensionid,ocopipabchoopeppmgiigphgbicocoea
extensionid,gfechfioaanebemclajhfgkfaopcaibo
extensionid,hoclolhilhbecpefaignjficiaaclpop
extensionid,ibmdocjlknaopfecmnojomdlbeadpdnb
extensionid,ckdbfeccfocmhdclmmofmheljglmhhne
extensionid,gddkghdkhhlihaabphhnjbhdoiifhcpa
