Chrome Web Store URL,Extension name,User count
gomekmidlodglbbmalcneegieacbdmki ,Avast Online Security & Privacy ,6000000
lgblnfidahcdcjddiepkckcfdhpknnjh ,Ad Blocker: Stands AdBlocker ,3000000
ofpnmcalabcbjgholdjcjblkibolbppb ,"Monica: ChatGPT AI Assistant | DeepSeek, GPT-4o, Claude 3.5, o1 &More ",3000000
bkkbcggnhapdmkeljlodobbkopceiche ,Pop up blocker for Chrome™ - Poper Blocker ,2000000
fjnbnpbmkenffdnngjfgmeleoegfcffe ,Stylish - Custom themes for any website ,2000000
akdgnmcogleenhbclghghlkkdndkjdjc ,SEOquake ,1000000
eiimnmioipafcokbfikbljfdeojpcgbh ,BlockSite Block Websites & Stay Focused ,1000000
hoklmmgfnpapgjgcpechhaamimifchmp ,Similarweb - Website Traffic & SEO Checker ,1000000
njgehaondchbmjmajphnhlojfnbfokng ,Video Downloader PLUS ,1000000
nllcnknpjnininklegdoijpljgdjkijc ,Wordtune: AI Paraphrasing and Grammar Tool ,1000000
bhmmomiinigofkjcapegjjndpbikblnp ,WOT: Website Security & Safety Checker ,800000
edjkecefjhobekadlkdkopkggdefpgfp ,Smarty ,800000
aefehdhdciieocakfobpaaolhipkcpgc ,Simple Allow Copy ,700000
gbdjcgalliefpinpmggefbloehmmknca ,Ad block & Adblocker - No Ads extension ,700000
gjfpmkejnolcfklaaddjnckanhhgegla ,Guardio Protection for Chrome ,700000
jlgkpaicikihijadgifklkbpdajbkhjo ,CrxMouse: Mouse Gestures ,700000
nbmoafcmbajniiapeidgficgifbfmjfo ,AVG Online Security ,600000
ojplmecpdpgccookcobabopnaifgidhf ,"Price History & Tracker, Spend Lens: Buyhatke ",600000
emalgedpdlghbkikiaeocoblajamonoh ,"Karma | Online shopping, but better ",500000
jajikjbellknnfcomfjjinfjokihcfoi ,Adblock for YouTube & Chrome - All Block ,500000
bmhcbmnbenmcecpmpepghooflbehcack ,Liner: ChatGPT AI Copilot for Web&YouTube&PDF ,400000
dgjbaljgolmlcmmklmmeafecikidmjpi ,Adblock Ad Blocker Pro ,400000
fofjcndophjadilglgimelemjkjblgpf ,ZoomInfo Chrome Extension ,400000
ihmgiclibbndffejedjimfjmfoabpcke ,"Mate Translate – translator, dictionary ",400000
jaembmdeobjibglbnnefpalabeohjpnj ,Audio editor online Audacity ,400000
pnedebpjhiaidlbbhmogocmffpdolnek ,CouponBirds - SmartCoupon Coupon Finder ,400000
fonalplhodhnenmokepaijoemaednpjm ,Directo - Travel Deals - Save on Fees ,300000
kiodaajmphnkcajieajajinghpejdjai ,Popup Blocker Pro ,300000
lnhnebkkgjmlgomfkkmkoaefbknopmja ,ApkOnline APK manager for Android emulator ,300000
mnoiedledcncagkonmmhbenokojeciib ,Tesla Search ,300000
necpbmbhhdiplmfhmjicabdeighkndkn ,Similar Sites - Discover Related Websites ,300000
nfadicbbecgbdbgbibgflooojfbolpgk ,Pie Shopping: Cash Back and Coupons ,300000
nfmlkliedggdodlbgghmmchhgckjoaml ,Spotify Ad Blocker - Blockify ,300000
oeicpkgdngoghobnbjngekclpcmpgpij ,EverBee - Find Best Selling Products on Etsy ,300000
eagiakjmjnblliacokhcalebgnhellfi ,Clean Master: the best Chrome Cache Cleaner ,200000
gcfcpohokifjldeandkfjoboemihipmb ,Undetectable AdBlocker ,200000
lngfncacljheahfpahadgipefkbagpdl ,UltraWide Video ,200000
omebobahbkampglebglkoagddjnjbhle ,Gimp online - image editor and paint tool ,200000
aadbahhifnekkkcbapdfandpimaoacmj ,AliPrice Search by image for China import ,100000
bchkdkhfodkkpohjhabdgfhpgjkkgfhg ,AnswerAI - Homework AI Tutor & Study Helper ,100000
bincmiainjofjnhchmcalkanjebghoen ,AG Translate ,100000
caejcfciegnnnepdhaopdogngbmojodl ,Kimi Explorer ,100000
condlopdddofpgcdjfnoepbdkcgckmgb ,Translator ,100000
dakkielolpafjbgnjnakddabmbbkcioe ,AegisWeb3 ,100000
dghkhbmpagbapkadlehcicngkldfieln ,Google Meet Extension ,100000
eanofdhdfbcalhflpbdipkjjkoimeeod ,Rewards Search Automator ,100000
hajphibbdloomfdkeoejchiikjggnaif ,QuestionAI Homework Powered AI Assistant ,100000
hilpchhlogijamlemmggobblmfcdkomg ,Buscapé ,100000
janmadmcipjiaoenfkimihamjfipgmee ,Shein Coupon Finder ,100000
kphldkppgfpjadpabfkghmjbhpcmgpdg ,1688 Purchasing Assistant Plugin ,100000
lopnbnfpjmgpbppclhclehhgafnifija ,Google Translate - Side Panel ,100000
odfonlkabodgbolnmmkdijkaeggofoop ,Clearly Reader - Your AI Reading Assistant ,100000
ohgkmilcibaoempgifldidkidnbkbeii ,Movie maker MovieStudio video editor ,100000
aedglnfjjccpifohekdeoogffomjcikm ,Solvely.ai - AI Homework Helper ,90000
dfmpaemifkgbnlgcccccnfjjkeiikeie ,Audio editor & music editor AudioStudio ,90000
ecpkhbhhpfjkkcedaejmpaabpdgcaegc ,1688 AIBUY: Official Global Sourcing AI Agent ,80000
mhkejggchhilmabpicojddgaahkkgoln ,FranceVerif - Sécurité en ligne ,80000
npcbllnmpghkdjeaocappkiedkiljhgk ,Android emulator MyAndroid ,80000
dbjldigbjceebginhcnmjnigbocicokh ,1688 search by image ,70000
aahodnigalncogkhfolddkmkklijeoap ,Gauth - AI Homework & Study Helper ,60000
dnclkkkjlabdgfdjngdkaebpaahnohoo ,Zoom ,60000
gefiaaeadjbmhjndnhedfccdjjlgjhho ,Enhanced Image Viewer ,60000
gfkpklgmocbcbdabfellcnikamdaeajd ,SimplyCodes - Verified Coupons + Cash Rewards ,60000
hegneaniplmfjcmohoclabblbahcbjoe ,Video Ad Blocker Plus for YouTube™ ,60000
iojpcjjdfhlcbgjnpngcmaojmlokmeii ,Smart Adblocker ,60000
kdfinbdncekfhibpbnkjedmdofkjghjj ,Video editor OpenShot online ,60000
molcibnmfbjmmfbefjfcafdeabfniobi ,"Cici, your AI browser assistant. ",60000
pmaonbjcobmgkemldgcedmpbmmncpbgi ,Ubuntu free online linux server ,60000
bcapjlfjbmaijdinncieppinamjgljog ,Inkscape editor for draws and graphics ,50000
bdomjcpneblellajjhgfdlnmjfofflop ,LibreOffice Editor ,50000
cdbccfkcpkmimlajcjpodelocoeifjhp ,OceanHero: Save Our Oceans with Every New Tab ,50000
fcejkolobdcfbhhakbhajcflakmnhaff ,Knowee AI (formerly StudyGPT) - Your Homework & Essay Helper ,50000
flfhkellafphdlcigippmenebkodkina ,OpenOffice Writer online for Word documents ,50000
ggokfoffgmgmkckgeclppfpgfmddbdjg ,Adblock Pro for Youtube™ ,50000
jjjpjmbnbdjhbkclajpagjkefefnednl ,Super PiP - Picture-in-Picture with playback controls and subtitles ,50000
neigoggljhfnodeneidndcflnclldnpm ,שם זה זול יותר ,50000
agleiimpggapjekcdhdjbmegjbbkleie ,Ground News - Bias Checker ,40000
bpdjlkbbhlnjlggpbofheohnomnibmmm ,Document Editor for doc & docx ,40000
dpjgafhldafgelgpilaghplfgecjojgp ,Photo editor PhotoStudio for images ,40000
dpphkcfmnbkdpmgneljgdhfnccnhmfig ,Relingo - Master vocabulary while browsing websites and watching YouTube ,40000
eemjhliengnnmjmbdjagekdddmkhanna ,ima知识库 ,40000
mffappoadhfalhjgmfaoecjbdjfdfhdj ,PDF editor PDFOffice to edit and create PDF ,40000
ponokiofkijoolhebggofhhibnafebna ,Felo Subtitles: ChatGPT Live Translation ,40000
begnkfeikebdelojdklgfkbhbeboilne ,Alibaba Search by image ,30000
bolplfmefepdhhakjbdggjmocjdkjkgb ,PriceTiger ,30000
cakgpagboibckijdpobichompgagpmnl ,PriceTaco ,30000
fobklglmhojpeijoioelpdaicagiepbf ,LINE購物省錢助理 - 邊購物邊幫你輕鬆省錢！ ,30000
gnmngcgmijhkamopfhmnkgpebgjbpbja ,DocsWork Editor for documents DOC & DOCX ,30000
ifjafammaookpiajfbedmacfldaiamgg ,BeeLine Reader ,30000
lpaboeaccgehipchabmnialhaihbmhji ,Video editor VideoStudio ,30000
mjackmipnhegkhekpebhmnkhkaojdldn ,BK Reviews ,30000
pkhpcfoaocmmpmphhenoblggeinedlah ,Dupe.com: Find similar products for less ,30000
aaiolimgbncdaldgbbjkidiijidchhjo ,Shopper.com ,20000
aclbkdnphcdelflmgjgmgbahlfngidma ,Dropbox Dash for Business ,20000
dojcmakgodofecjmdnncjkbhmddlmnpf ,CapCut screen recorder ,20000
egfkhocobmgeafdbjbphhfdfbmlobgdc ,大学搜题酱插件 ,20000
ehoknmhmadiboejdbinglmbnlghnbldc ,Phia: Best Price in One Click ,20000
fiffkcnehndkebmpinoknndjbhdpbkcn ,OpenOffice Calc online for xls spreadsheets ,20000
hgfgdlbnbccaphekmiblnlbocchmanpd ,PPT slides editor ,20000
hmpbiickdfmcdlcpjegamgnjjkaiackl ,AliPrice Search by image for AE ,20000
hnbdgfongnkfgnbpamndfiiedhapfecn ,语雀浏览器插件 ,20000
imjfokfjjgpijjfgnodojafbkoonmmkh ,芒果店长 ,20000
jlbpahgopcmomkgegpbmopfodolajhbl ,ChatGPT for Chrome - GPT Search ,20000
lmbnfoinlgcmombooibkgiihldajgnmk ,Smart Nexus ,20000
moeiianjbcjnomgomanjhilnlmfafpbj ,"Alva – AI Crypto Analyst, Trading Assistant & Agents ",20000
aiimlpjcnmhmbdlmkhloapmlookboonb ,OnManzBien ,10000
ailbhmoekhkkihagfmffpaahfpcjjiei ,Apk Downloader manager for Android ,10000
bnbpceglddpnehbopmdjegpfinikcaoh ,Gem ,10000
fbjdfhinnhahheghjajajniekpnghdfa ,淘宝购物助手极速版 ,10000
gadbpecoinogdkljjbjffmiijpebooce ,ChatGPT Assistant - GPT Search ,10000
gghlgcihlfpfbibgaffggbmidpfejbbb ,Alibaba search by image ,10000
ghjakbehlhkjdiehaeffedomkakcenjo ,Browse.live Web Safety ,10000
hblfamjdifnhiioifbfamlnkjfenhfed ,AI-Powered DealDazzle: Searching Alternatives ,10000
hchpnbmmbepldbfdgbjfigifhobbjcel ,HTML editor WebStudio for Webpages ,10000
ijfmjempkpegmlhcacclfckeimbfgabp ,Powerlead - Find Any B2B Contact Info ,10000
ijnodnmgpgmgaajhagolfiemmmamfcgb ,UltraBlock - Privacy Protection & Adblock ,10000
kbhaffhbhcfmogkkbfanilniagcefnhi ,"Jarvis AI: ChatGPT Bot Agent | GPT-4o, Claude 3.5, Gemini 1.5, o1 &More ",10000
kfkcgdiimmaafjbljhbjejocjignnajn ,CharityTree ,10000
kmmpkhpajpecmpdmmbpjmkmcmfdahkcj ,Price.com: Save with Cash Back & Coupons ,10000
nckcnmaeicmholjaolkfcodfpblenkfp ,XlsWork XLS editor for spreadsheets ,10000
njodldkbolbomneajeffdhedmnnplhpe ,Coin Search - your daily rewards tool ,10000
ocjlckkmllgdmmpiobopeblldmmhjpjk ,tool4seller - Amazon Product Research ,10000
bedebpfmdganddijhfbbaabedpmlokdk ,Pinduoduo Search by Image ,9000
dfphncdgnondpmbfimfciniiakegcmmj ,Blexb - Alexa Rank Alternative ,9000
gfjgjekaeebjccpnaeeeleeadfiledpm ,Joom Pulse – Extensão para Google Chrome ,9000
glmfkanjkeedalikadkjlmijemmiknce ,Presentation editor PPTWork for PPT slides ,9000
nmcpliniiebkbdehpgicgfcidgkpepep ,Auto Clicker - AutoFill [BETA] ,9000
ehplfgnopmpflglfpldjdodaogebfgpe ,Laika AI - All in One DefAI Crypto AI Copilot ,8000
epljmdbeelhhkllonphikmilmofkfffb ,AI Resume Builder - Supawork AI ,8000
fghbfikeodjkbajmokiekipabfckcpgc ,Free B2B Contact Info by AroundDeal ,8000
gmfaoihlkhopieoibopcponemocgbloj ,SaveDay - AI Bookmark Manager ,8000
jcbjcocinigpbgfpnhlpagidbmlngnnn ,Adblock for Browser ,8000
banepeeclciljgfbpcjgnkfecnafnngg ,Total Defense Traffic Light ,7000
cpmbdnkbpaabapidllalnfopojfimbno ,Top Best Extension ,7000
dgafcidlgmbcehokgdeghmfnbpbfhihh ,WhenX: Mark Linkedin Profiles with notes ,7000
efbmlkodbdhahiljghapjcbofehkhpie ,Aliexpress search by image ,7000
ppgndohgacfggdpbcdlgibdkdknimfmn ,Linkedin Booster - Get more Likes on LinkedIn using Podawaa ,7000
dfaldmjkfklnkenddjpikfkdnkinheke ,DingDoc Flash Save ,6000
eciaojnpihmgkbacgpjnimcpkfeklgag ,Ask AI Browser ,6000
jflkdlbjgfiifajbjeockfjhbnhlakfd ,wikifx ,6000
piemiihdhidiomfmilgencaeabplcgle ,Web browser with anonymous access ,6000
edkmbojkflfanganifkkajmldejmhlec ,"GoCashBack: Deals, Rebates, Savings Extension ",5000
eehllckaggechnoimeokmdgmljlmhkma ,Pinterest Save - Pro ,5000
fcnadghcijkmdhjdgiehgfpadojilfoa ,Snip - Remove Web Elements ,5000
haikmmmjkcejaalkjbfobneapigfmldp ,CMeter ,5000
jendpielmejekmmcccnnkgckhmjfpgep ,"Calligra online - office, graphics & email ",5000
kkakhdcmdocechjnnfhihpjkancfmnbf ,Помощник OZON ,5000
lfmobnhbpkejigiaeliemikgciidndak ,XPaint image editor and painter ,5000
lhjgfbdmhhdmjnnjeabjclblkecbldpd ,Browse.live Ad Control ,5000
mmfmakmndejojblgceefkpinojhiacfk ,Brave web browser ,5000
apenkcejfcelomfjdnmcokpihikjonmh ,Safe Browser Parental Controls ,4000
gcehgkmfmfdhglfpcigmcfpbgblhldga ,URIRANK - Alexa Traffic Rank ,4000
hpjloodfjfnoeekpikfdedoaiklofcgl ,Podawaa - Get more Engagement on LinkedIn ,4000
jhlofcbpianlpdpajgfphjnjahchjcei ,Music Downloader Premium ,4000
kgbmammdmhpmpjhlnelelcdmomlbidkd ,"Give Freely: You Save, We Give, Charities Win ",4000
mjebgmffggocefpegddahkcnpllfmaid ,Desktop for Tiktok online ,4000
cgmllohkcppmnkfpijpngkplpdbikhlf ,Safe Surf ,3000
fbdaigphodbigaofobmhdcfncjofaffp ,LibreOffice Calc online ,3000
fdcmomajekgiigcalflcbjbkemogcbaf ,纳米AI助手 ,3000
jkeolmadidncndcbnajhaojepbolajag ,Lunabot - ChatGPT on any webpages ,3000
keagdhckgkgmlidkekabdngbknegkmoo ,LibreOffice writer online ,3000
mcfleopinjndfkoklekjcjcgefgenlhp ,Platstack: The Save button for the internet ,3000
megchchilhekbbnfcklodmndefbhkbco ,ShopSavvy ,3000
pmfdkggpmpoebkjadpfpjpidllghlhgc ,Incognito History ,3000
ajgkdaibodfheidcpeifpdhaopjbpneo ,Presto ,2000
bbnemobkpbncbpklloncaljndkagjfeh ,Grips – E-commerce Site Analysis ,2000
gmdmkobghhnhmipbpplibkgekdfaacjp ,Handbrake - video converter ,2000
hclkdpaahnpfenlibcmjnajjccpkhoak ,H-E-B Credit for Chrome ,2000
helpjbehgodflkpbifaolbjmkjffmeop ,Crossbeam Copilot for Chrome ,2000
hopmhonnajbjjdkagglbfmffmdhocbmf ,GoingMed ,2000
ncpaocdidimfckjmhafkpghjpedlcocc ,The search engine to improve your productivity - GoSearch ,2000
nhhchicejoohhbnhjpaaoajhbbghhfgh ,JustParty: watch Netflix with friends ,2000
njbgkalfmgkchikknmaimfjmfjpnbnpm ,Style Cursor ,2000
oaafdjbfibmpcgefpapknfjcnfdkkkkp ,界图-图片批量下载 ,2000
pefighpbbfkgkmfmpfgaopoahdmkakll ,Cmd J – ChatGPT for Chrome ,2000
apeadjelacokohnkfclnhjlihklpclmp ,EcoIndex.fr ,1000
bbioibipebcopenpbhfceogfjknmjbpl ,Dealfront Connect ,1000
bdppohkefepkecfipofaabjkbfdahpdl ,Economize! Mundo Conectado ,1000
bgiapcpcleefnmmkhaakokfbjnjjjeap ,百宝箱 AI 助手 ,1000
cebahajfamifimbgfnilhcdlgicajmln ,COUPONS.DE - Nie wieder Gutscheine verpassen ,1000
celjchjgliegnlalhjegfcaacphgdkij ,Blocksi AI Web Filter ,1000
coegijljhiejhdodjbnlglffjomlbgmi ,HashDit ,1000
dbkabjeliahdblphpbgljbngijgknjfj ,First Touch ,1000
dpmjncncaehmgjeficalpmlfaenmbeca ,Surf Security ,1000
eegoohfobcaegoeoakafgiljckfiajhl ,CryptoGuard - by ChainGPT AI ,1000
eeobggeikihkgiggaekfbceghlcpemfm ,Caddi ,1000
egbpmfgojjbonjpajgjjfokblneogjpj ,Manchester United Wallpapers ,1000
eimafbopadiepgmnmmjgmedblhlljlad ,BuddyTixx - TTM Helper 4.3 ,1000
fgedkelakhbadclolkemkcffklcomhhb ,Cookie Decliner ,1000
gdmfedbicnoeiadmbagaofgnldjfgeab ,Tokopedia Price Tracker ,1000
gjphikebcceegfolnbfncepfmjnhdkam ,UniPass ,1000
gnikbpecjfkhcfammfdpbdpnchhmmbif ,Shastic ,1000
himipdblnokdafogmdlmajgokiopcbjk ,Словарёк ,1000
jbekkbijnljlblpgjjeocbapiojilnkl ,LibreOffice Impress online ,1000
jbhknkdnmmcipjcfjngiojllgbgolmao ,Curriculum Genie ,1000
jndboabnjeeeepiipnmjnpcbgjpffikm ,Giftmio: Instant Cashback for Online Shopping ,1000
jobfmpppoaapbjmgbejgdfkigomnjihe ,Download-TIME v2 ,1000
kkfobcljflnlpbemjicenfkfnplaggkk ,WithEden AI - Emoji Comment App ,1000
knjfhjecbebplkalmikclbkgkmaggkci ,语鲸 - 插件 ,1000
lhfchkmkbdmahflnpmlhaeeigenkopko ,LibreOffice Draw online ,1000
mhpfiackdifhfjphkicjidjlnibkfgek ,Ever Accountable For Chrome ,1000
nmcaaogkocnplfcpbgcihflgedicinke ,Video Downloader Professional Premium ,1000
nnadblfkldnlfoojndefddknlhmibjme ,ChatSider:Free ChatGPT Assistant(GPT4) ,1000
oeomioifmeadkjdifcijpkfifjifhhhn ,UpGuard Cyber Security Ratings ,1000
pmpbkcpplelpcphbapailejddbcebnmb ,Antidote ,1000
inpnfpglfklplkhnpggbomjdfjlnldhg ,Clockk ,855
khldaehdjgjlmoapbegbkbmfjefoiicc ,Youtube Master ,826
hapjgfmddaccebjfapmnaanildedikal ,Extension Super CE ,815
nbmlhoalmfhbhdpngmjkjdioahnglpbj ,Kdenlive video editor ,814
hgechpjoacihidaifilgojfcfcobobgd ,全品-音视频下载 ,808
ibcakdkpkhodimbhgmegdobmnemabfaa ,Dark Mode Toggle Per Site ,808
pfdofiecodmjocjnofddngckpaemfhag ,Yandex search by image ,770
mfacfcabilnmjannppfjbjbecogdkpfc ,Matchy ,765
jneebhbmmdfchkjaiomfdeijjobepijh ,1dasou.com - B2B Company & Contact Info ,761
ppjnhpngeejgohhilojfilpindffcgdc ,FlashInfo - Business Insights & Contacts ,759
oodgchahlgjeakfgemoicnbcbhanemfn ,"Sanely: cashback, coupons, promo codes, discounts ",716
hllljedppjadpnmlpnfbfmfjdhdcefmp ,AliPrice | Download Amazon Images & Videos ,690
bcphmaoebeamddbmdiajimehnjmageip ,"DealDazzle:AI Alternatives, Brilliant Savings ",654
kjockjfldkeagjfoaadjlahmakglagka ,Email Finder - CUFinder ,642
bphajaomlpngendonomppmgoilbohiof ,G-Search - B2B Company & Contact Info ,612
mhiopobccageclebpocgpppnfgoioico ,Flowsi CRM para Instagram ,607
ppilnepfjlpocjddldmkminleemekhfh ,BunnyTix - POP Booker (2.6.1) ,575
fjojjcobgnidkgdjddcjkhckhppeghgg ,telbee voice messaging ,565
hhchahcbcjbpklbdpdapchiefjmnpcik ,Kawasaki Ninja H2 Wallpapers ,560
mallfdijfpnfhfcfancbnecanjnapiop ,Mamma ,546
pddpiopnmcfhgdegdbjbiidcldcclepd ,Kallo: Never miss a better price ,538
eolegobhiehgdegahdefnebohcddgkhb ,Ferrari F8 Live Wallpaper ,530
bdmbfahncgochinclblmnaofgmihcmkb ,Naruto and Pikachu Live Wallpaper 4K New Tab ,518
cabfjddpaheijnpipjfijigikbnoengk ,Cristiano Ronaldo Legendary Goal Celebration Live Wallpaper ,500
cmdjbcgkegplekmggddogfmabibheakn ,Undetectable YouTube AdBlocker Plus ,462
kcijpmmfajideceadmcihckmodaiehpm ,Collections ,453
ddapglnlcfbgonhbgiolihpdbcejeedb ,The Vendry Copilot – Venue & Vendor Tracking ,443
pbkadhbnkinljhoilhicdhnehacpfebc ,Origano - Surf and Earn ,433
dpmojcbbjcoibehhihmcbeininnbpbid ,Shotcut online video editor ,414
ddpgbedkkfhopdodlekfjglofodoegog ,藏趣云 - 书签同步阅读助手 ,410
nflnkbakbmolpccjpicmljnaclehelbi ,Ford Mustang GT Live Wallpaper ,406
meigbgdegmccdgmohajdmhlkgipanken ,histre ,404
pdmfmekkdddepehcblkiffennabldbpg ,Şikayetvar ,398
aejegnamgmjlmcokhchkifnfhmhimhoe ,Hello Kitty Angel Live Wallpaper ,377
obhcifaofgjiacflmajghcbbgjjhjafo ,"Intellens - Search Products by Image on AliExpress, Amazon ",370
nngjdplpkehilhcinpccdbkjaknkkifl ,Newsit: Hacker News and Reddit Links ,367
kjndilccgkemibeimjdefmjkhfddobfk ,"Sherloq - Save, Share & Simplify your queries ",360
dhelhbdmdnhnkincggojfipaedcbleok ,Link Publishers - Website Finder ,357
choghdillenemhjgflolcifdmafffooj ,LingoWay - 浏览网页记单词 | AI语法分析 |专业单词本 ,356
jfglacfdockpdpbfodkipgcjplgnojel ,Entropy Extension - Auto-Blur Your Screen ,346
gcccfoehonbolcpaefopkboppjiaamkc ,Parental Search - Keep your kids safe ,337
ilkeadgdlbmabcdkgmiogcamcogbjoii ,Volume Booster With Shortcuts ,309
pncjaifcohammdehbfialcmlmiidjmob ,Bot Ticket ,308
fbipkhjooeibpeceigmiecdicjohfmjb ,zave.it - Cashback & Rabatte ,289
jgkkmcmcgjdmdjodhojkcgcoidaajphc ,Studentenkorting NL - Ontvang kortingscodes ,281
oclobnfedcdncflccolnlpebjphomjjd ,Valentine’s Day: A Romantic Glow Live Wallpaper ,280
ecibndlcipgnmmlpkmdanljbghaockpd ,NCT New Tab Extension Wallpapers 2024 ,274
cifonlmfhnimmghojdepepjdgbbminel ,Kotone Shiomi Persona 3 Live Wallpaper ,251
eegffimmjajfkmnfapnpiandnbjdjkif ,"EssayGet: AI Writer, Humanizer, Rewrite Tool ",245
haplmebpjakpcbiokgfpdkemhlndcpek ,包阅网页阅读助手 ,241
mdfgkcdjgpgoeclhefnjgmollcckpedk ,SHADE: Stylishly Sustainable ,238
jlaieagppfmkikkkfbgagdpkmidkmmhd ,Sidenote ,223
bdhomkmlcfplpamlpnimlmmgmnbmhamo ,RewardsBunny ,216
jhanhfphenjhghflpeldoiklkikkjbpb ,Multigual Interpreter Extension ,209
bbdpihagclfjiodkbebbheamdhifhcgl ,"YapThread - Record, Bookmark, AI Chat ",204
dmniogfnhjfaembommeeamffneaobgcd ,篆刻-文字识别 ,181
iljchidcebfmojndjdgophngchonnjnp ,Alibaba search by image Beta ,180
ccgdboldgdlngcgfdolahmiilojmfndl ,PI Rank ,179
ljfifjfjfeiieghmpidimlkblnjdomjh ,Image Downloader Professional Premium ,170
fepkmkdameafkbpknifgfhfmoogdcjck ,Whatfix for Google ,158
mjmpimbhbeeibeeeknmmdfancbicfonc ,Lovalink: Une bonne action sans changer ta navigation ,152
kgjhhnlcfjcjpdmfdhmhabdjbfpicppg ,wikibit ,151
pogbhjeckmomgcoebdkhboanolddeaje ,Protico | Web3 Chat & Web3 Lobby ,147
bfoaocblmcoandjlhldeljpmoccldicg ,eKonomi ,135
dnngcfoognibnkkngfcamgaibjjlkfdn ,Quick History ,125
cgcfmjofgjpfbhpgphafeingeflkbjjl ,Forethink - Hyper-personalized AI Agent ,119
eacddhhclhfopgdecadpdonpfemndaeo ,AI Web Reactor ,117
galjpoldmaegeoidpdmimmdkmememcnb ,ZapIn - Automate Your LinkedIn Engagement ,114
cicnfcokdjfnjepkialpbdlfadkhckph ,Alternatives ,112
icdofcdkdkfbilfnjonbfdmdeckahkfn ,Autocoupon! ,109
hogoebkpcnajkkjdidfhojkljppfalip ,CrowdWise ,108
hiiahmfpljemgmnhlaepofeldnnhphmi ,CREATANT Bookmarking Tool ,106
bhlmfakmgikajjenjhafifmdkkjchcli ,Wakweli ,105
djblghckgfcjfmhhhfnjbiakmmmcmigf ,OffersLove Coupon Finder ,105
jgdiindmamodckpmjgoimddpaeaapjpp ,Point - AI Content Central ,104
afipijkhaioeopfolgnagcicgpdlcink ,Pricein | same product lower price ,96
ihjgcmcigcghjoolblcdcgpkefcjoaji ,옥션가격 추적기 ,96
ppbdjkgjcmmgddingckiidlakdmgbalo ,AI Agent like Manus for Amazon shopping ,96
aflgdgiaihhpkimnpjgeokkcpndllejm ,BoostVocab ,88
oojabgademjndedjpcnagfgiglcpolgd ,"Numici - annotate, collaborate and synthesize ",87
jlohfbdoibjbmbhahkdpcnhedogcjcbl ,wwwhisp ,86
hjepnlaapopkiedfendjaieefldndecd ,Greenwich ,64