Domain,date
p6ny6zbd8o.weyehauser.com,2026-05-28T23:24:06.517Z
eubh7yqmww.satisfywithdesign.de,2026-05-28T21:23:56.590Z
guzeldagenerji.com.tr,2026-05-28T17:54:52.376Z
www.guzeldagenerji.com.tr,2026-05-28T17:54:52.376Z
lsfn.letsrockscgx02.net,2026-05-28T17:36:34.145Z
www.msegxp.us,2026-05-28T14:22:56.805Z
n8lqcxeo4h.buildloyalty.de,2026-05-28T08:38:03.017Z
bm886qt1qk.composltegear-group.com,2026-05-28T07:56:06.085Z
4535xw690l.aqofish.com,2026-05-27T14:02:21.902Z
4g7mlou9ts.easytecdigital.de,2026-05-27T12:36:34.312Z
vtw7sdy808.frameworksreliable.de,2026-05-27T08:59:33.075Z
cufa00ukan.engagementboosters.de,2026-05-26T20:49:45.554Z
xdirf4dq8z.engagementboosters.de,2026-05-26T19:53:00.297Z
lightningestimates.online,2026-05-26T14:09:06.015Z
