kgmeffmlnkfnjpgmdndccklfigfhajen,Emoji keyboard online — copy&past your emoji
dpdibkjjgbaadnnjhkmmnenkmbnhpobj,Free Weather Forecast
gaiceihehajjahakcglkhmdbbdclbnlf,Video Speed Controller — Video manager
mlgbkfnjdmaoldgagamcnommbbnhfnhf,Unlock Discord — VPN Proxy to Unblock Discord Anywhere
eckokfcjbjbgjifpcbdmengnabecdakp,Dark Theme — Dark Reader for Chrome
mgbhdehiapbjamfgekfpebmhmnmcmemg,Volume Max — Ultimate Sound Booster
cbajickflblmpjodnjoldpiicfmecmif,Unblock TikTok — Seamless Access with One-Click Proxy
pdbfcnhlobhoahcamoefbfodpmklgmjm,Unlock YouTube VPN
eokjikchkppnkdipbiggnmlkahcdkikp,Color Picker Eyedropper — Geco colorpick
ihbiedpeaicgipncdnnkikeehnjiddck,Weather
jjdajogomggcjifnjgkpghcijgkbcjdi,Unlock TikTok
mmcnmppeeghenglmidpmjkaiamcacmgm,Volume Booster — Increase your sound
ojdkklpgpacpicaobnhankbalkkgaafp,Web Sound Equalizer
lodeighbngipjjedfelnboplhgediclp,Header Value
hkjagicdaogfgdifaklcgajmgefjllmd,Flash Player — games emulator
gflkbgebojohihfnnplhbdakoipdbpdm,Youtube Unblocked
kpilmncnoafddjpnbhepaiilgkdcieaf,SearchGPT — ChatGPT for Search Engine
caibdnkmpnjhjdfnomfhijhmebigcelo,Unlock Discord

