nlhpidbjmmffhoogcennoiopekbiglbp,AI Assistant,"50,000"
gcfianbpjcfkafpiadmheejkokcmdkjl,Llama,147
fppbiomdkfbhgjjdmojlogeceejinadg,Gemini AI Sidebar,"80,000"
djhjckkfgancelbmgcamjimgphaphjdl,AI Sidebar,"9,000"
llojfncgbabajmdglnkbhmiebiinohek,ChatGPT Sidebar,"10,000"
gghdfkafnhfpaooiolhncejnlgglhkhe,AI Sidebar,"50,000"
cgmmcoandmabammnhfnjcakdeejbfimn,Grok,261
phiphcloddhmndjbdedgfbglhpkjcffh,Asking Chat Gpt,396
pgfibniplgcnccdnkhblpmmlfodijppg,ChatGBT,"1,000"
nkgbfengofophpmonladgaldioelckbe,Chat Bot GPT,426
gcdfailafdfjbailcdcbjmeginhncjkb,Grok Chatbot,225
ebmmjmakencgmgoijdfnbailknaaiffh,Chat With Gemini,760
baonbjckakcpgliaafcodddkoednpjgf,XAI,138
fdlagfnfaheppaigholhoojabfaapnhb,Google Gemini,"7,000"
gnaekhndaddbimfllbgmecjijbbfpabc,Ask Gemini,"1,000"
hgnjolbjpjmhepcbjgeeallnamkjnfgi,AI Letter Generator,129
lodlcpnbppgipaimgbjgniokjcnpiiad,AI Message Generator,24
cmpmhhjahlioglkleiofbjodhhiejhei,AI Translator,194
bilfflcophfehljhpnklmcelkoiffapb,AI For Translation,91
cicjlpmjmimeoempffghfglndokjihhn,AI Cover Letter Generator,27
ckneindgfbjnbbiggcmnjeofelhflhaj,AI Image Generator Chat GPT,249
dbclhjpifdfkofnmjfpheiondafpkoed,Ai Wallpaper Generator,289
ecikmpoikkcelnakpgaeplcjoickgacj,Ai Picture Generator,813
kepibgehhljlecgaeihhnmibnmikbnga,DeepSeek Download,275
ckicoadchmmndbakbokhapncehanaeni,AI Email Writer,64
fnjinbdmidgjkpmlihcginjipjaoapol,Email Generator AI,881
gohgeedemmaohocbaccllpkabadoogpl,DeepSeek Chat,"1,000"
flnecpdpbhdblkpnegekobahlijbmfok,ChatGPT Picture Generator,251
acaeafediijmccnjlokgcdiojiljfpbe,ChatGPT Translate,"30,000"
kblengdlefjpjkekanpoidgoghdngdgl,AI GPT,"20,000"
idhknpoceajhnjokpnbicildeoligdgh,ChatGPT Translation,"1,000"
fpmkabpaklbhbhegegapfkenkmpipick,Chat GPT for Gmail,"1,000"
