domainName,threatLevel,date,isMalconf
cmqsqomiwwksmcsw.xyz,0,2025-11-13T08:40:50.139Z,FALSE
ykgmqooyusggyyya.xyz,0,2025-11-03T00:25:25.952Z,FALSE
cmqsqomiwwksmcsw.xyz,0,2025-11-03T00:25:25.952Z,FALSE
ykgmqooyusggyyya.xyz,0,2025-11-03T00:25:25.952Z,FALSE
cgiymcwiaayqsieu.xyz,0,2025-10-26T21:00:33.650Z,FALSE
ykgwymqkkucuyuqy.xyz,0,2025-10-26T21:00:33.650Z,FALSE
qocyeicmusmegouw.xyz,0,2025-10-26T21:00:33.650Z,FALSE
uwqiossuygkwqukc.xyz,0,2025-10-26T21:00:33.650Z,FALSE
eciiumyqsuwyaaog.xyz,0,2025-10-26T21:00:33.650Z,FALSE
msmqkoauaeyuwsee.xyz,0,2025-10-26T21:00:33.650Z,FALSE
mskiwayguqiskwoy.xyz,0,2025-10-26T21:00:33.650Z,FALSE
ekkikyuggyywumgc.xyz,0,2025-10-26T21:00:33.650Z,FALSE
koameymeeiakeceg.xyz,0,2025-10-26T21:00:33.650Z,FALSE
mmiokmawamswmkkw.xyz,0,2025-10-26T21:00:33.650Z,FALSE
yykewcummmieqmki.xyz,0,2025-10-26T21:00:33.650Z,FALSE
qikkaamyaimygimm.xyz,0,2025-10-26T21:00:33.650Z,FALSE
mmimomwqkcmyqkso.xyz,0,2025-10-26T21:00:33.650Z,FALSE
yyoaegkoisagegoy.xyz,0,2025-10-26T21:00:33.650Z,FALSE
oeiocakgugycaeuu.xyz,0,2025-10-26T21:00:33.650Z,FALSE
ykcycsgccmisqwoe.xyz,0,2025-10-26T21:00:33.650Z,FALSE
uwwaakqseasqukeg.xyz,0,2025-10-26T21:00:33.650Z,FALSE
aoiisaowqseomseu.xyz,0,2025-10-26T21:00:33.650Z,FALSE
wgiiwkqcmeiaccui.xyz,0,2025-10-26T21:00:33.650Z,FALSE
oksasskkgusmsiim.xyz,0,2025-10-26T21:00:33.650Z,FALSE
cyciuswegeiwyoiw.xyz,0,2025-10-26T21:00:33.650Z,FALSE
seeuyqgeumsyiyos.xyz,0,2025-10-26T21:00:33.650Z,FALSE
acyaoumaskugesmg.xyz,0,2025-10-26T21:00:33.650Z,FALSE
ecgysqikccesuyau.xyz,0,2025-10-26T21:00:33.650Z,FALSE
mgowgwcgmmguuaqg.xyz,0,2025-10-26T21:00:33.650Z,FALSE
ykeqwememycuoiym.xyz,0,2025-10-26T21:00:33.650Z,FALSE
wakckuqmwgkukuqa.xyz,0,2025-10-26T21:00:33.650Z,FALSE
cgggiouoiwawaiog.xyz,0,2025-10-26T21:00:33.650Z,FALSE
mascukqkyuaosmaw.xyz,0,2025-10-26T21:00:33.650Z,FALSE
oquyikuaosaumwgo.xyz,0,2025-10-26T21:00:33.650Z,FALSE
yyoayiuqsgmkqyia.xyz,0,2025-10-26T21:00:33.650Z,FALSE
sssmawoqekikouak.xyz,0,2025-10-26T21:00:33.650Z,FALSE
eqgocgosiaemcgss.xyz,0,2025-10-26T21:00:33.650Z,FALSE
quyciieomacmekom.xyz,0,2025-10-26T21:00:33.650Z,FALSE
segoscwqmwwwwsoy.xyz,0,2025-10-26T21:00:33.650Z,FALSE
mssyykgyeeeaeiug.xyz,0,2025-10-26T21:00:33.650Z,FALSE
yqsiyewsuawoacck.xyz,0,2025-10-26T21:00:33.650Z,FALSE
eqwmgayqaasqogek.xyz,0,2025-10-26T21:00:33.650Z,FALSE
qaqkmumacokiyicy.xyz,0,2025-10-26T21:00:33.650Z,FALSE
csamyswauiimaekk.xyz,0,2025-10-26T21:00:33.650Z,FALSE
kcygescqwqggewik.xyz,0,2025-10-26T21:00:33.650Z,FALSE
isgooceimoyggesi.xyz,0,2025-10-26T21:00:33.650Z,FALSE
oqqsekcewikaciig.xyz,0,2025-10-26T21:00:33.650Z,FALSE
kcqywuguuuecciue.xyz,0,2025-10-26T21:00:33.650Z,FALSE
aocgoicaqskmiscs.xyz,0,2025-10-26T21:00:33.650Z,FALSE
kocawcgwguiamkaa.xyz,0,2025-10-26T21:00:33.650Z,FALSE
sysueusiuucgsgwu.xyz,0,2025-10-26T21:00:33.650Z,FALSE
cmuqogqmcsyswqoa.xyz,0,2025-10-26T21:00:33.650Z,FALSE
msmcoqqkeecicqum.xyz,0,2025-10-26T21:00:33.650Z,FALSE
ssccusykgwyoueos.xyz,0,2025-10-26T21:00:33.650Z,FALSE
gaeygiimsgigeeyi.xyz,0,2025-10-26T21:00:33.650Z,FALSE
oksgaeiugocacsog.xyz,0,2025-10-26T21:00:33.650Z,FALSE
seckgccgmayseuks.xyz,0,2025-10-26T21:00:33.650Z,FALSE
uqwomeumqwagmwsi.xyz,0,2025-10-26T21:00:33.650Z,FALSE
wmwmgkoiswaakosu.xyz,0,2025-10-26T21:00:33.650Z,FALSE
aukcckckiesgomqe.xyz,0,2025-10-26T21:00:33.650Z,FALSE
acekiqmscueiccaw.xyz,0,2025-10-26T21:00:33.650Z,FALSE
quyskusgicsiqykm.xyz,0,2025-10-26T21:00:33.650Z,FALSE
cgycqosgqayoeigo.xyz,0,2025-10-26T21:00:33.650Z,FALSE
acmamggcqeiiysmy.xyz,0,2025-10-26T21:00:33.650Z,FALSE
kwmksqkokoggmsoe.xyz,0,2025-10-26T21:00:33.650Z,FALSE
yemugmgewswsiemm.xyz,0,2025-10-26T21:00:33.650Z,FALSE
kcgsicuyasuiqeqq.xyz,0,2025-10-26T21:00:33.650Z,FALSE
ggmcceuiiiugwaak.xyz,0,2025-10-26T21:00:33.650Z,FALSE
cgsouamyiukwwowg.xyz,0,2025-10-26T21:00:33.650Z,FALSE
eweewwaygmcsoasw.xyz,0,2025-10-26T21:00:33.650Z,FALSE
aiaouaykykoiwoso.xyz,0,2025-10-26T21:00:33.650Z,FALSE
ieomieaymowamokm.xyz,0,2025-10-26T21:00:33.650Z,FALSE
acqukuiiiaaeuysy.xyz,0,2025-10-26T21:00:33.650Z,FALSE
wmkcmuwwqccmqycc.xyz,0,2025-10-26T21:00:33.650Z,FALSE
aoyysgqegissckma.xyz,0,2025-10-26T21:00:33.650Z,FALSE
wukuwcaiccemigae.xyz,0,2025-10-26T21:00:33.650Z,FALSE
kcigigieaoeouyck.xyz,0,2025-10-26T21:00:33.650Z,FALSE
auaaiweewyoewacq.xyz,0,2025-10-26T21:00:33.650Z,FALSE
oqaaicwamegmukoq.xyz,0,2025-10-26T21:00:33.650Z,FALSE
aiewgsaysgumiuig.xyz,0,2025-10-26T21:00:33.650Z,FALSE
mssaqiekucwqemgg.xyz,0,2025-10-26T21:00:33.650Z,FALSE
mmwocccgsewioeia.xyz,0,2025-10-26T21:00:33.650Z,FALSE
sysuyyymyskookaq.xyz,0,2025-10-26T21:00:33.650Z,FALSE
yeeammuwmskuosmw.xyz,0,2025-10-26T21:00:33.650Z,FALSE
csymicqesqcsiuym.xyz,0,2025-10-26T21:00:33.650Z,FALSE
wuuygsmcogwikcua.xyz,0,2025-10-26T21:00:33.650Z,FALSE
acaoimqcugeisesw.xyz,0,2025-10-26T21:00:33.650Z,FALSE
uqumqmuywyeucusw.xyz,0,2025-10-26T21:00:33.650Z,FALSE
sscismuygamagkmg.xyz,0,2025-10-26T21:00:33.650Z,FALSE
ikogkkyuaiuuyiyg.xyz,0,2025-10-26T21:00:33.650Z,FALSE
cmqqqocqqeseiouo.xyz,0,2025-10-26T21:00:33.650Z,FALSE
ucgcegwcewugmcgs.xyz,0,2025-10-26T21:00:33.650Z,FALSE
wascweuimcmeeciu.xyz,0,2025-10-26T21:00:33.650Z,FALSE
cmieycuoeumqgemq.xyz,0,2025-10-26T21:00:33.650Z,FALSE
mmwkoyagqskiamig.xyz,0,2025-10-26T21:00:33.650Z,FALSE
sekasgaegymiigak.xyz,0,2025-10-26T21:00:33.650Z,FALSE
cymmoiyuuawaoasg.xyz,0,2025-10-26T21:00:33.650Z,FALSE
ewecsemugaeiqyii.xyz,0,2025-10-26T21:00:33.650Z,FALSE
goyuooauewoeggiw.xyz,0,2025-10-26T21:00:33.650Z,FALSE
sssoesyywecoiwgu.xyz,0,2025-10-26T21:00:33.650Z,FALSE
mscwuqwomsusaqoo.xyz,0,2025-10-26T21:00:33.650Z,FALSE
isascocceicaqkmy.xyz,0,2025-10-26T21:00:33.650Z,FALSE
mgyeqkmaoacqakmc.xyz,0,2025-10-26T21:00:33.650Z,FALSE
ecsiewqugggecwey.xyz,0,2025-10-26T21:00:33.650Z,FALSE
goacseeyieegmscq.xyz,0,2025-10-26T21:00:33.650Z,FALSE
uiswcmauakeuqqye.xyz,0,2025-10-26T21:00:33.650Z,FALSE
isiwgsmmmcuswwek.xyz,0,2025-10-26T21:00:33.650Z,FALSE
ucqsoecokyeqggig.xyz,0,2025-10-26T21:00:33.650Z,FALSE
smeiyemuogggeeoc.xyz,0,2025-10-26T21:00:33.650Z,FALSE
ecgmuoawcuioewue.xyz,0,2025-10-26T21:00:33.650Z,FALSE
qoaeyoqquskyykok.xyz,0,2025-10-26T21:00:33.650Z,FALSE
oqwmswasskeaaaye.xyz,0,2025-10-26T21:00:33.650Z,FALSE
wucakciwogequica.xyz,0,2025-10-26T21:00:33.650Z,FALSE
yqiccuouciewyagm.xyz,0,2025-10-26T21:00:33.650Z,FALSE
cmscwyoemoqeayyc.xyz,0,2025-10-26T21:00:33.650Z,FALSE
kowgiuwkkyeyqggk.xyz,0,2025-10-26T21:00:33.650Z,FALSE
kiumcyyysyuqaoic.xyz,0,2025-10-26T21:00:33.650Z,FALSE
acqaiwkiwwumakse.xyz,0,2025-10-26T21:00:33.650Z,FALSE
csuywmowqiqguice.xyz,0,2025-10-26T21:00:33.650Z,FALSE
wgokwweeussiwgam.xyz,0,2025-10-26T21:00:33.650Z,FALSE
ikusmmkwcseqmyow.xyz,0,2025-10-26T21:00:33.650Z,FALSE
yysaymwkeiqkguuu.xyz,0,2025-10-26T21:00:33.650Z,FALSE
sewwuekqgcesamcw.xyz,0,2025-10-26T21:00:33.650Z,FALSE
gggqmaiuqegwckwu.xyz,0,2025-10-26T21:00:33.650Z,FALSE
cgusgwyaikuuogki.xyz,0,2025-10-26T21:00:33.650Z,FALSE
okwuiecscyawowku.xyz,0,2025-10-26T21:00:33.650Z,FALSE
waugkwkmqiacgkka.xyz,0,2025-10-26T21:00:33.650Z,FALSE
syaqmoewoecykmoo.xyz,0,2025-10-26T21:00:33.650Z,FALSE
mmguqksuwwesasww.xyz,0,2025-10-26T21:00:33.650Z,FALSE
ggikwoagwwcqsegu.xyz,0,2025-10-26T21:00:33.650Z,FALSE
kcesgaymogwosmuk.xyz,0,2025-10-26T21:00:33.650Z,FALSE
uquuysgowiiaysmq.xyz,0,2025-10-26T21:00:33.650Z,FALSE
yeyakqocskkgygye.xyz,0,2025-10-26T21:00:33.650Z,FALSE
gaqcqagcqgmmewck.xyz,0,2025-10-26T21:00:33.650Z,FALSE
wmiwiyqsiiemiacq.xyz,0,2025-10-26T21:00:33.650Z,FALSE
mayueygegokqomki.xyz,0,2025-10-26T21:00:33.650Z,FALSE
kwkckgqissqsckcy.xyz,0,2025-10-26T21:00:33.650Z,FALSE
uammgkwygsgqaysg.xyz,0,2025-10-26T21:00:33.650Z,FALSE
yoymwmooyyaywikg.xyz,0,2025-10-26T21:00:33.650Z,FALSE
ammesgeskgyskuey.xyz,0,2025-10-26T21:00:33.650Z,FALSE
kukwwaemwwoicgcs.xyz,0,2025-10-26T21:00:33.650Z,FALSE
myeeemqescysemey.xyz,0,2025-10-26T21:00:33.650Z,FALSE
iqgwooyiqweqmwcw.xyz,0,2025-10-26T21:00:33.650Z,FALSE
ssaaccckwoesuqyo.xyz,0,2025-10-26T21:00:33.650Z,FALSE
yciaekgsqaugocyg.xyz,0,2025-10-26T21:00:33.650Z,FALSE
qyaowcoqcoemckom.xyz,0,2025-10-26T21:00:33.650Z,FALSE
yoicauuuqwmwyuwo.xyz,0,2025-10-26T21:00:33.650Z,FALSE
oioqyysokyimecuy.xyz,0,2025-10-26T21:00:33.650Z,FALSE
gmmwogmccmkksiqg.xyz,0,2025-10-26T21:00:33.650Z,FALSE
uuscwsiqcmakoosw.xyz,0,2025-10-26T21:00:33.650Z,FALSE
yomoaemcskqeaiua.xyz,0,2025-10-26T21:00:33.650Z,FALSE
eomwmmmeiiyygoua.xyz,0,2025-10-26T21:00:33.650Z,FALSE
wkkmyaeoaugcmiei.xyz,0,2025-10-26T21:00:33.650Z,FALSE
ssmwycwmyigsqwai.xyz,0,2025-10-26T21:00:33.650Z,FALSE
kiciyqygssqkcwwk.xyz,0,2025-10-26T21:00:33.650Z,FALSE
gmeiueuyeakyomao.xyz,0,2025-10-26T21:00:33.650Z,FALSE
ugugqssoewswuwww.xyz,0,2025-10-26T21:00:33.650Z,FALSE
kgqqcwgqgymmocio.xyz,0,2025-10-26T21:00:33.650Z,FALSE
uaccsggyiceuuasa.xyz,0,2025-10-26T21:00:33.650Z,FALSE
eoosggeqkmwywsqu.xyz,0,2025-10-26T21:00:33.650Z,FALSE
amaomsqcykqgscqc.xyz,0,2025-10-26T21:00:33.650Z,FALSE
wesgaewqoiwogsqm.xyz,0,2025-10-26T21:00:33.650Z,FALSE
eoisoqkgmayagsos.xyz,0,2025-10-26T21:00:33.650Z,FALSE
qsywaquasisywcwc.xyz,0,2025-10-26T21:00:33.650Z,FALSE
gyuuqmgmugsymyyo.xyz,0,2025-10-26T21:00:33.650Z,FALSE
yowewqmmckcuycuy.xyz,0,2025-10-26T21:00:33.650Z,FALSE
sqaqwwcseeyayugy.xyz,0,2025-10-26T21:00:33.650Z,FALSE
uayskkakmakgquao.xyz,0,2025-10-26T21:00:33.650Z,FALSE
sqyecuiomcmomesa.xyz,0,2025-10-26T21:00:33.650Z,FALSE
gesauwaquagyeaso.xyz,0,2025-10-26T21:00:33.650Z,FALSE
skmqygeiiqwkgqkc.xyz,0,2025-10-26T21:00:33.650Z,FALSE
iwcsqekausisukaa.xyz,0,2025-10-26T21:00:33.650Z,FALSE
ocggwqoguuaeuoek.xyz,0,2025-10-26T21:00:33.650Z,FALSE
geseyqcgygiyoyki.xyz,0,2025-10-26T21:00:33.650Z,FALSE
asimqwwmgqsgwewi.xyz,0,2025-10-26T21:00:33.650Z,FALSE
uougwyyicqiiecum.xyz,0,2025-10-26T21:00:33.650Z,FALSE
qggamukquogieeuc.xyz,0,2025-10-26T21:00:33.650Z,FALSE
qmusyiaccskcuoge.xyz,0,2025-10-26T21:00:33.650Z,FALSE
uomgkqscacmcwqcg.xyz,0,2025-10-26T21:00:33.650Z,FALSE
qymeccawiewmmwie.xyz,0,2025-10-26T21:00:33.650Z,FALSE
yokqksucwimwaaeo.xyz,0,2025-10-26T21:00:33.650Z,FALSE
yoeeeucgscmssuuo.xyz,0,2025-10-26T21:00:33.650Z,FALSE
ckqokkcqqekamkci.xyz,0,2025-10-26T21:00:33.650Z,FALSE
ywcgagkqgyaumkmo.xyz,0,2025-10-26T21:00:33.650Z,FALSE
kgkoyiesqmeymies.xyz,0,2025-10-26T21:00:33.650Z,FALSE
meaaocomkkyykicy.xyz,0,2025-10-26T21:00:33.650Z,FALSE
ywcwekmmguyswsao.xyz,0,2025-10-26T21:00:33.650Z,FALSE
cqemsqwwuiewkeue.xyz,0,2025-10-26T21:00:33.650Z,FALSE
sqiiiqasemoawcqa.xyz,0,2025-10-26T21:00:33.650Z,FALSE
eacyuucusoqqkuiy.xyz,0,2025-10-26T21:00:33.650Z,FALSE
scacwysioaksaqwu.xyz,0,2025-10-26T21:00:33.650Z,FALSE
qsyuikckyscmyyaa.xyz,0,2025-10-26T21:00:33.650Z,FALSE
iqewoymaowkaqqco.xyz,0,2025-10-26T21:00:33.650Z,FALSE
eaackuemcyyaoagu.xyz,0,2025-10-26T21:00:33.650Z,FALSE
iqwcmcqkwgagecag.xyz,0,2025-10-26T21:00:33.650Z,FALSE
iwoayesikusgssas.xyz,0,2025-10-26T21:00:33.650Z,FALSE
ocqaykeaccgagwgs.xyz,0,2025-10-26T21:00:33.650Z,FALSE
kgqikussyimiuaim.xyz,0,2025-10-26T21:00:33.650Z,FALSE
qsomkwawiqiquqmg.xyz,0,2025-10-26T21:00:33.650Z,FALSE
kukcwmygqaaoeuae.xyz,0,2025-10-26T21:00:33.650Z,FALSE
sqqugyyywgummygy.xyz,0,2025-10-26T21:00:33.650Z,FALSE
qmuaaeysmouckooe.xyz,0,2025-10-26T21:00:33.650Z,FALSE
yioccimiwkicuumk.xyz,0,2025-10-26T21:00:33.650Z,FALSE
gyuwuisysuuyeose.xyz,0,2025-10-26T21:00:33.650Z,FALSE
kuksgocuwuqmygok.xyz,0,2025-10-26T21:00:33.650Z,FALSE
oumaumywsmgoscac.xyz,0,2025-10-26T21:00:33.650Z,FALSE
skmmswuqoyuukeiw.xyz,0,2025-10-26T21:00:33.650Z,FALSE
eiwwaguysoisuyge.xyz,0,2025-10-26T21:00:33.650Z,FALSE
gyyaesmqcqcgsgmo.xyz,0,2025-10-26T21:00:33.650Z,FALSE
icmycwekgcgmwiia.xyz,0,2025-10-26T21:00:33.650Z,FALSE
ycocwkcqykkmcykm.xyz,0,2025-10-26T21:00:33.650Z,FALSE
ycyomsasgwkokisq.xyz,0,2025-10-26T21:00:33.650Z,FALSE
cwooqsgaisouyuwq.xyz,0,2025-10-26T21:00:33.650Z,FALSE
qgkuagqgeqciyama.xyz,0,2025-10-26T21:00:33.650Z,FALSE
scyaskmasoqekwwa.xyz,0,2025-10-26T21:00:33.650Z,FALSE
ooceiquwgekuyqso.xyz,0,2025-10-26T21:00:33.650Z,FALSE
amsccswcukwsqgas.xyz,0,2025-10-26T21:00:33.650Z,FALSE
qmwiwscasmuggsmy.xyz,0,2025-10-26T21:00:33.650Z,FALSE
sckcgiqqaisaiwse.xyz,0,2025-10-26T21:00:33.650Z,FALSE
ckcqyosaciaskgum.xyz,0,2025-10-26T21:00:33.650Z,FALSE
uacskeeecauwsume.xyz,0,2025-10-26T21:00:33.650Z,FALSE
qsikycgkeuakeuqk.xyz,0,2025-10-26T21:00:33.650Z,FALSE
scmwygkoiyiackyy.xyz,0,2025-10-26T21:00:33.650Z,FALSE
gmooioakeoigqiyw.xyz,0,2025-10-26T21:00:33.650Z,FALSE
cwuegamwqmcoimao.xyz,0,2025-10-26T21:00:33.650Z,FALSE
eokqwueiksqakqqi.xyz,0,2025-10-26T21:00:33.650Z,FALSE
ceoekieogaeuesqa.xyz,0,2025-10-26T21:00:33.650Z,FALSE
wkkouskskisemsoc.xyz,0,2025-10-26T21:00:33.650Z,FALSE
iicuwwqcucuqgyyk.xyz,0,2025-10-26T21:00:33.650Z,FALSE
qsgmuiwmgiogkoie.xyz,0,2025-10-26T21:00:33.650Z,FALSE
oiusuiwcmocmasaa.xyz,0,2025-10-26T21:00:33.650Z,FALSE
ycaiwamcayowyoos.xyz,0,2025-10-26T21:00:33.650Z,FALSE
amcmgqimqqsiqaum.xyz,0,2025-10-26T21:00:33.650Z,FALSE
skqsuiycseamymoq.xyz,0,2025-10-26T21:00:33.650Z,FALSE
mkqeggcyacwgwuom.xyz,0,2025-10-26T21:00:33.650Z,FALSE
kaqacuqkawoegqae.xyz,0,2025-10-26T21:00:33.650Z,FALSE
eacosaqycagemoiq.xyz,0,2025-10-26T21:00:33.650Z,FALSE
kuegkekssimagaoc.xyz,0,2025-10-26T21:00:33.650Z,FALSE
eayesmgaksssmaag.xyz,0,2025-10-26T21:00:33.650Z,FALSE
kuickikucoouowug.xyz,0,2025-10-26T21:00:33.650Z,FALSE
cemyukiyycekeiai.xyz,0,2025-10-26T21:00:33.650Z,FALSE
ociwggsscecaquya.xyz,0,2025-10-26T21:00:33.650Z,FALSE
eicgqmmgwuogqsqk.xyz,0,2025-10-26T21:00:33.650Z,FALSE
qysmyysaquamsgaa.xyz,0,2025-10-26T21:00:33.650Z,FALSE
qgwwikweqoyuywiy.xyz,0,2025-10-26T21:00:33.650Z,FALSE
cwsmomqyiiaqweqg.xyz,0,2025-10-26T21:00:33.650Z,FALSE
skimeseoieswsiey.xyz,0,2025-10-26T21:00:33.650Z,FALSE
oiococieimmysyui.xyz,0,2025-10-26T21:00:33.650Z,FALSE
cqeoueuaaeaigwac.xyz,0,2025-10-26T21:00:33.650Z,FALSE
yiwyiekawyqigkom.xyz,0,2025-10-26T21:00:33.650Z,FALSE
geoysoweauywcoyw.xyz,0,2025-10-26T21:00:33.650Z,FALSE
wymgeiokisqcqemy.xyz,0,2025-10-26T21:00:33.650Z,FALSE
myeykqkugaqqesci.xyz,0,2025-10-26T21:00:33.650Z,FALSE
agemuiwmiicwoaae.xyz,0,2025-10-26T21:00:33.650Z,FALSE
uuqemksqywkmkmgu.xyz,0,2025-10-26T21:00:33.650Z,FALSE
agwoquoiyooocmeq.xyz,0,2025-10-26T21:00:33.650Z,FALSE
qmuyyqosysamqkci.xyz,0,2025-10-26T21:00:33.650Z,FALSE
icgewqgcakoqqyek.xyz,0,2025-10-26T21:00:33.650Z,FALSE
ooqyyceomcigsoem.xyz,0,2025-10-26T21:00:33.650Z,FALSE
qsmcamkyeokmuwaw.xyz,0,2025-10-26T21:00:33.650Z,FALSE
cwyyseuiyuwquugm.xyz,0,2025-10-26T21:00:33.650Z,FALSE
skkscmwqawauwiei.xyz,0,2025-10-26T21:00:33.650Z,FALSE
uuagyiaweqiuickk.xyz,0,2025-10-26T21:00:33.650Z,FALSE
weaikywiykeqmqgs.xyz,0,2025-10-26T21:00:33.650Z,FALSE
icccoyomawqsoeae.xyz,0,2025-10-26T21:00:33.650Z,FALSE
sqoyciyaymyqsaey.xyz,0,2025-10-26T21:00:33.650Z,FALSE
ameosuwesiskcaio.xyz,0,2025-10-26T21:00:33.650Z,FALSE
yoougcmsukuywkse.xyz,0,2025-10-26T21:00:33.650Z,FALSE
oiaooskoccaiaoce.xyz,0,2025-10-26T21:00:33.650Z,FALSE
qyskogymowwqywwq.xyz,0,2025-10-26T21:00:33.650Z,FALSE
uuigqaauoasmueew.xyz,0,2025-10-26T21:00:33.650Z,FALSE
eaeeosokmgaaqaka.xyz,0,2025-10-26T21:00:33.650Z,FALSE
iieageseswqmmgao.xyz,0,2025-10-26T21:00:33.650Z,FALSE
ockmkoamesckocwe.xyz,0,2025-10-26T21:00:33.650Z,FALSE
gykeyseiogeomysg.xyz,0,2025-10-26T21:00:33.650Z,FALSE
mqceogeuwyyqkace.xyz,0,2025-10-26T21:00:33.650Z,FALSE
weygyigcmmguacqg.xyz,0,2025-10-26T21:00:33.650Z,FALSE
sqmokueaqkwqoymu.xyz,0,2025-10-26T21:00:33.650Z,FALSE
ywagmmomaoqiumyg.xyz,0,2025-10-26T21:00:33.650Z,FALSE
qgekeewcykcksyoa.xyz,0,2025-10-26T21:00:33.650Z,FALSE
wymeayceoakqekgq.xyz,0,2025-10-26T21:00:33.650Z,FALSE
kmsuqgycaecyuwak.xyz,0,2025-10-26T21:00:33.650Z,FALSE
qswawqywucywmeoe.xyz,0,2025-10-26T21:00:33.650Z,FALSE
ugwoqwkoowkiikos.xyz,0,2025-10-26T21:00:33.650Z,FALSE
cegiegooeskiecuq.xyz,0,2025-10-26T21:00:33.650Z,FALSE
mykqccqiiussusyi.xyz,0,2025-10-26T21:00:33.650Z,FALSE
yioikaoecqsmesum.xyz,0,2025-10-26T21:00:33.650Z,FALSE
ugimgmuwayuyocwa.xyz,0,2025-10-26T21:00:33.650Z,FALSE
aaeaceugyukwuqcs.xyz,0,2025-10-26T21:00:33.650Z,FALSE
meesacuyykqsssak.xyz,0,2025-10-26T21:00:33.650Z,FALSE
megmwcyekugmqgcg.xyz,0,2025-10-26T21:00:33.650Z,FALSE
eaoqoocmwqiomqms.xyz,0,2025-10-26T21:00:33.650Z,FALSE
cksaiwygmsgcqmmi.xyz,0,2025-10-26T21:00:33.650Z,FALSE
yogmooqmyieaasmu.xyz,0,2025-10-26T21:00:33.650Z,FALSE
geaygmmqegsmuqug.xyz,0,2025-10-26T21:00:33.650Z,FALSE
eigomkqgcqoauoue.xyz,0,2025-10-26T21:00:33.650Z,FALSE
sqwsoaggmcasmeci.xyz,0,2025-10-26T21:00:33.650Z,FALSE
ooucoywqwaqceukk.xyz,0,2025-10-26T21:00:33.650Z,FALSE
ywwgkqcaiygouwcg.xyz,0,2025-10-26T21:00:33.650Z,FALSE
agamwocgiyumcmgo.xyz,0,2025-10-26T21:00:33.650Z,FALSE
iqoqkuccuywmiqio.xyz,0,2025-10-26T21:00:33.650Z,FALSE
swcsaiooiscssasc.xyz,0,2025-10-26T21:00:33.650Z,FALSE
ouoicgakgwggsmsk.xyz,0,2025-10-26T21:00:33.650Z,FALSE
yieycmmigokuucmw.xyz,0,2025-10-26T21:00:33.650Z,FALSE
skwsiwigmqioyosk.xyz,0,2025-10-26T21:00:33.650Z,FALSE
yiwmmkkowqwqugss.xyz,0,2025-10-26T21:00:33.650Z,FALSE
ycqicygiyieaaaya.xyz,0,2025-10-26T21:00:33.650Z,FALSE
ywouucakcqomqumm.xyz,0,2025-10-26T21:00:33.650Z,FALSE
gssomkwiygaiqmuu.xyz,0,2025-10-26T21:00:33.650Z,FALSE
oioksusuoagoiuwq.xyz,0,2025-10-26T21:00:33.650Z,FALSE
mqcisiseqqmkoooy.xyz,0,2025-10-26T21:00:33.650Z,FALSE
yisekqkkygmswggs.xyz,0,2025-10-26T21:00:33.650Z,FALSE
gyeqscicwegswiie.xyz,0,2025-10-26T21:00:33.650Z,FALSE
aaymuyyqcquowyks.xyz,0,2025-10-26T21:00:33.650Z,FALSE
iqasuwgkmeymqcqo.xyz,0,2025-10-26T21:00:33.650Z,FALSE
sckkoyogmwaoioec.xyz,0,2025-10-26T21:00:33.650Z,FALSE
mkakywioewsykswi.xyz,0,2025-10-26T21:00:33.650Z,FALSE
ougecqmgeaqyuiyi.xyz,0,2025-10-26T21:00:33.650Z,FALSE
yooyegkmkoesqiay.xyz,0,2025-10-26T21:00:33.650Z,FALSE
wesmwkwmcwiwuwui.xyz,0,2025-10-26T21:00:33.650Z,FALSE
mqegysasgeqssimc.xyz,0,2025-10-26T21:00:33.650Z,FALSE
scocywgmguiocwyc.xyz,0,2025-10-26T21:00:33.650Z,FALSE
cemyueyamcsiaigu.xyz,0,2025-10-26T21:00:33.650Z,FALSE
mywosowesmukwymq.xyz,0,2025-10-26T21:00:33.650Z,FALSE
sqaacaggakayiggy.xyz,0,2025-10-26T21:00:33.650Z,FALSE
kaaqyyiwcwsiaeyc.xyz,0,2025-10-26T21:00:33.650Z,FALSE
qsygomuggqesamma.xyz,0,2025-10-26T21:00:33.650Z,FALSE
mqcuigyacgekikew.xyz,0,2025-10-26T21:00:33.650Z,FALSE
eiucegwyweiiqmic.xyz,0,2025-10-26T21:00:33.650Z,FALSE
aauucmsokyssquwc.xyz,0,2025-10-26T21:00:33.650Z,FALSE
icsaqiiaaqcyqwgg.xyz,0,2025-10-26T21:00:33.650Z,FALSE
meimkyseckayguek.xyz,0,2025-10-26T21:00:33.650Z,FALSE
ywyaackoeyguoims.xyz,0,2025-10-26T21:00:33.650Z,FALSE
ceaigqeqaokceeae.xyz,0,2025-10-26T21:00:33.650Z,FALSE
kagysmeqywewymea.xyz,0,2025-10-26T21:00:33.650Z,FALSE
euqycaeowoseaesa.xyz,0,2025-10-26T21:00:33.650Z,FALSE
mqesqcwmckkcqmeg.xyz,0,2025-10-26T21:00:33.650Z,FALSE
asaceissyewkcseq.xyz,0,2025-10-26T21:00:33.650Z,FALSE
mkyoigeogckaccmm.xyz,0,2025-10-26T21:00:33.650Z,FALSE
yoqqswsyiocqcewg.xyz,0,2025-10-26T21:00:33.650Z,FALSE
ycaeeikcyuquayaa.xyz,0,2025-10-26T21:00:33.650Z,FALSE
meiswgaoeogqkiii.xyz,0,2025-10-26T21:00:33.650Z,FALSE
iqqiyqiyqmguwooe.xyz,0,2025-10-26T21:00:33.650Z,FALSE
qsicomysquykuqom.xyz,0,2025-10-26T21:00:33.650Z,FALSE
uucuucsycccqwaek.xyz,0,2025-10-26T21:00:33.650Z,FALSE
gyqkkwycgamiykco.xyz,0,2025-10-26T21:00:33.650Z,FALSE
mekysaegigaocoum.xyz,0,2025-10-26T21:00:33.650Z,FALSE
qmeaakagomoqgoio.xyz,0,2025-10-26T21:00:33.650Z,FALSE
yiyomacwigcwqwmm.xyz,0,2025-10-26T21:00:33.650Z,FALSE
ocacsmeuowukcgow.xyz,0,2025-10-26T21:00:33.650Z,FALSE
gmgmkgsywcywaisg.xyz,0,2025-10-26T21:00:33.650Z,FALSE
cwsuwkekoqmqiwku.xyz,0,2025-10-26T21:00:33.650Z,FALSE
kmeqqgkgeaqaecsy.xyz,0,2025-10-26T21:00:33.650Z,FALSE
cwguoacwgyosccee.xyz,0,2025-10-26T21:00:33.650Z,FALSE
kmiycqkayuqiyggm.xyz,0,2025-10-26T21:00:33.650Z,FALSE
kgcmumagsigcgmcs.xyz,0,2025-10-26T21:00:33.650Z,FALSE
iqssyeemqqagusuw.xyz,0,2025-10-26T21:00:33.650Z,FALSE
aguwqkykaouogeqw.xyz,0,2025-10-26T21:00:33.650Z,FALSE
asaeqoogwsgkaaow.xyz,0,2025-10-26T21:00:33.650Z,FALSE
ookgckgmkmiymsuw.xyz,0,2025-10-26T21:00:33.650Z,FALSE
qgqwkamagkukwmms.xyz,0,2025-10-26T21:00:33.650Z,FALSE
qsaqyoaguoosequk.xyz,0,2025-10-26T21:00:33.650Z,FALSE
uaagwaggakesscoo.xyz,0,2025-10-26T21:00:33.650Z,FALSE
skamwqoeeuoagcqi.xyz,0,2025-10-26T21:00:33.650Z,FALSE
qmkyawouiqmsuwws.xyz,0,2025-10-26T21:00:33.650Z,FALSE
oiqkecuueckkeyki.xyz,0,2025-10-26T21:00:33.650Z,FALSE
wkowskgocysaiccq.xyz,0,2025-10-26T21:00:33.650Z,FALSE
swekisiwskaegski.xyz,0,2025-10-26T21:00:33.650Z,FALSE
scsoiicasogsgksi.xyz,0,2025-10-26T21:00:33.650Z,FALSE
wkkyyaoymimogeqg.xyz,0,2025-10-26T21:00:33.650Z,FALSE
skeuqccswsoekqqa.xyz,0,2025-10-26T21:00:33.650Z,FALSE
gecqikeuyqwkgsoe.xyz,0,2025-10-26T21:00:33.650Z,FALSE
uoyiucwiwyeekoik.xyz,0,2025-10-26T21:00:33.650Z,FALSE
wyagewmsymoqaaqy.xyz,0,2025-10-26T21:00:33.650Z,FALSE
skociuwcyooaoism.xyz,0,2025-10-26T21:00:33.650Z,FALSE
qmogakaqqgiqciyc.xyz,0,2025-10-26T21:00:33.650Z,FALSE
kasskmmkqewswceu.xyz,0,2025-10-26T21:00:33.650Z,FALSE
qscceieuqyicaooc.xyz,0,2025-10-26T21:00:33.650Z,FALSE
yiuucaykqagysgge.xyz,0,2025-10-26T21:00:33.650Z,FALSE
cegsmiscsgsmcgai.xyz,0,2025-10-26T21:00:33.650Z,FALSE
wegocoaqigqakuai.xyz,0,2025-10-26T21:00:33.650Z,FALSE
iweqiwskqwkycsia.xyz,0,2025-10-26T21:00:33.650Z,FALSE
kueoemscesggyyoi.xyz,0,2025-10-26T21:00:33.650Z,FALSE
asmmqokiaskmsqke.xyz,0,2025-10-26T21:00:33.650Z,FALSE
mkwykaiawsguoaiy.xyz,0,2025-10-26T21:00:33.650Z,FALSE
uuoqksaouyqiigos.xyz,0,2025-10-26T21:00:33.650Z,FALSE
iwcyiwmwmogieyos.xyz,0,2025-10-26T21:00:33.650Z,FALSE
mqewmicyagwkkmkc.xyz,0,2025-10-26T21:00:33.650Z,FALSE
iqmuwmeoqaqcmwuk.xyz,0,2025-10-26T21:00:33.650Z,FALSE
kgcksoeeygwqwcsu.xyz,0,2025-10-26T21:00:33.650Z,FALSE
ouqwyqqkieeyqqky.xyz,0,2025-10-26T21:00:33.650Z,FALSE
mkaygyuciswqumsq.xyz,0,2025-10-26T21:00:33.650Z,FALSE
asmggsqugegkgkoi.xyz,0,2025-10-26T21:00:33.650Z,FALSE
agauicmcwgmeiieg.xyz,0,2025-10-26T21:00:33.650Z,FALSE
yoouiyqwsqywucwa.xyz,0,2025-10-26T21:00:33.650Z,FALSE
oiegsquqgwwcaome.xyz,0,2025-10-26T21:00:33.650Z,FALSE
yogqkysmsowssmmi.xyz,0,2025-10-26T21:00:33.650Z,FALSE
oimieccqikwqokqq.xyz,0,2025-10-26T21:00:33.650Z,FALSE
iqwgekiqmggoqqgs.xyz,0,2025-10-26T21:00:33.650Z,FALSE
iwmqeowwgoieyyaa.xyz,0,2025-10-26T21:00:33.650Z,FALSE
ocswaiygmsaiwigw.xyz,0,2025-10-26T21:00:33.650Z,FALSE
euauyaicwqqqcuga.xyz,0,2025-10-26T21:00:33.650Z,FALSE
oouqqywegsyygayq.xyz,0,2025-10-26T21:00:33.650Z,FALSE
ocuguiucuuumiciw.xyz,0,2025-10-26T21:00:33.650Z,FALSE
gygcwwicmewqugwk.xyz,0,2025-10-26T21:00:33.650Z,FALSE
ceyosswqysiuyqau.xyz,0,2025-10-26T21:00:33.650Z,FALSE
wyiasyaaymimquyq.xyz,0,2025-10-26T21:00:33.650Z,FALSE
mqcueesuaceokmsm.xyz,0,2025-10-26T21:00:33.650Z,FALSE
eiccymsgssaacuky.xyz,0,2025-10-26T21:00:33.650Z,FALSE
kmcmmgyyuwscskaq.xyz,0,2025-10-26T21:00:33.650Z,FALSE
eaksmiiwqusqykai.xyz,0,2025-10-26T21:00:33.650Z,FALSE
eiewokmyecsikeyw.xyz,0,2025-10-26T21:00:33.650Z,FALSE
ckwkmwkoaumwqyik.xyz,0,2025-10-26T21:00:33.650Z,FALSE
myoygoeyqamcoaca.xyz,0,2025-10-26T21:00:33.650Z,FALSE
qsywycekkooueqmi.xyz,0,2025-10-26T21:00:33.650Z,FALSE
euaaukoauawyiigm.xyz,0,2025-10-26T21:00:33.650Z,FALSE
yceukyamgmawagwk.xyz,0,2025-10-26T21:00:33.650Z,FALSE
amuomewyigsowgei.xyz,0,2025-10-26T21:00:33.650Z,FALSE
ocykmemuiakggyyi.xyz,0,2025-10-26T21:00:33.650Z,FALSE
eiyiusywwmsgocki.xyz,0,2025-10-26T21:00:33.650Z,FALSE
ugcuowowacmeyccg.xyz,0,2025-10-26T21:00:33.650Z,FALSE
qsuwkqugewocayqu.xyz,0,2025-10-26T21:00:33.650Z,FALSE
mkussagakswwsyga.xyz,0,2025-10-26T21:00:33.650Z,FALSE
meyoemucosceuiee.xyz,0,2025-10-26T21:00:33.650Z,FALSE
gesyeoiqoqmeiggk.xyz,0,2025-10-26T21:00:33.650Z,FALSE
ooywwkioumuywquo.xyz,0,2025-10-26T21:00:33.650Z,FALSE
sqiosecqkmcgeaeq.xyz,0,2025-10-26T21:00:33.650Z,FALSE
ceymqekekagaiwea.xyz,0,2025-10-26T21:00:33.650Z,FALSE
scauagmgwyomisqi.xyz,0,2025-10-26T21:00:33.650Z,FALSE
iwwoggsyqcakoisk.xyz,0,2025-10-26T21:00:33.650Z,FALSE
kugseioiagoqiecw.xyz,0,2025-10-26T21:00:33.650Z,FALSE
mksmwaemsygakksi.xyz,0,2025-10-26T21:00:33.650Z,FALSE
wsaoccqswieamaie.xyz,0,2025-10-26T21:00:33.650Z,FALSE
uayygugqqwimywwc.xyz,0,2025-10-26T21:00:33.650Z,FALSE
icaaosumomyaukks.xyz,0,2025-10-26T21:00:33.650Z,FALSE
asckeqassaguwwsm.xyz,0,2025-10-26T21:00:33.650Z,FALSE
ywugqwiquimgikoa.xyz,0,2025-10-26T21:00:33.650Z,FALSE
gsagoywamsikicus.xyz,0,2025-10-26T21:00:33.650Z,FALSE
iwyeyuwwyaekgase.xyz,0,2025-10-26T21:00:33.650Z,FALSE
eaaimimquagiyooi.xyz,0,2025-10-26T21:00:33.650Z,FALSE
agswiuocgeicuigg.xyz,0,2025-10-26T21:00:33.650Z,FALSE
kmumygoyagekkmuk.xyz,0,2025-10-26T21:00:33.650Z,FALSE
euyacoyckksagyqi.xyz,0,2025-10-26T21:00:33.650Z,FALSE
wycmcqsqmyyyacwg.xyz,0,2025-10-26T21:00:33.650Z,FALSE
myyqgcoimkmwceww.xyz,0,2025-10-26T21:00:33.650Z,FALSE
mewwsgemagoeyayc.xyz,0,2025-10-26T21:00:33.650Z,FALSE
yiwyiqggkqqieecw.xyz,0,2025-10-26T21:00:33.650Z,FALSE
mkyoyeciuwacgeya.xyz,0,2025-10-26T21:00:33.650Z,FALSE
ckegggwyqgwcuaem.xyz,0,2025-10-26T21:00:33.650Z,FALSE
scyqsgccmawsuoqy.xyz,0,2025-10-26T21:00:33.650Z,FALSE
geyqaegsgwkeaqky.xyz,0,2025-10-26T21:00:33.650Z,FALSE
qygewmokwsauocwc.xyz,0,2025-10-26T21:00:33.650Z,FALSE
yiieucggwokwmsga.xyz,0,2025-10-26T21:00:33.650Z,FALSE
iwoqgcqucmioicam.xyz,0,2025-10-26T21:00:33.650Z,FALSE
ceeaqwiqiiawgyys.xyz,0,2025-10-26T21:00:33.650Z,FALSE
uakgwyyqwwykwykm.xyz,0,2025-10-26T21:00:33.650Z,FALSE
ooseoiaqoqgaykkq.xyz,0,2025-10-26T21:00:33.650Z,FALSE
ycuwaymwaysoaeus.xyz,0,2025-10-26T21:00:33.650Z,FALSE
aauamaemkyogeiso.xyz,0,2025-10-26T21:00:33.650Z,FALSE
uokgmwkkeeqoiuwu.xyz,0,2025-10-26T21:00:33.650Z,FALSE
cwokgcumuikwyyqk.xyz,0,2025-10-26T21:00:33.650Z,FALSE
mqmsgcucecgeeooq.xyz,0,2025-10-26T21:00:33.650Z,FALSE
ocykwusmscuqwqiu.xyz,0,2025-10-26T21:00:33.650Z,FALSE
eaycuwkwaawoumkk.xyz,0,2025-10-26T21:00:33.650Z,FALSE
weoweasyswsqeyyy.xyz,0,2025-10-26T21:00:33.650Z,FALSE
agakuoyqwyaoekgc.xyz,0,2025-10-26T21:00:33.650Z,FALSE
wymyiqigkgsiumua.xyz,0,2025-10-26T21:00:33.650Z,FALSE
icumakiosumoqaow.xyz,0,2025-10-26T21:00:33.650Z,FALSE
yiuieigcoycswwua.xyz,0,2025-10-26T21:00:33.650Z,FALSE
wegackoygysuwsac.xyz,0,2025-10-26T21:00:33.650Z,FALSE
eiqwgsamuamseiom.xyz,0,2025-10-26T21:00:33.650Z,FALSE
iqqssomeoimammsq.xyz,0,2025-10-26T21:00:33.650Z,FALSE
swckcmmsuawmeuwu.xyz,0,2025-10-26T21:00:33.650Z,FALSE
ceaaskaqewgqaeuy.xyz,0,2025-10-26T21:00:33.650Z,FALSE
cecguuiwymsauakw.xyz,0,2025-10-26T21:00:33.650Z,FALSE
eaoyamgqugieqqag.xyz,0,2025-10-26T21:00:33.650Z,FALSE
meyymoeawyigssko.xyz,0,2025-10-26T21:00:33.650Z,FALSE
kacuasamsgimseko.xyz,0,2025-10-26T21:00:33.650Z,FALSE
mqekkwqusgysayku.xyz,0,2025-10-26T21:00:33.650Z,FALSE
eiuyiwkcagaewysw.xyz,0,2025-10-26T21:00:33.650Z,FALSE
eacggeuaiqwoyesa.xyz,0,2025-10-26T21:00:33.650Z,FALSE
ckoaogiuiimwwiwg.xyz,0,2025-10-26T21:00:33.650Z,FALSE
meoewguiuwsawsam.xyz,0,2025-10-26T21:00:33.650Z,FALSE
aamemyisciuiuise.xyz,0,2025-10-26T21:00:33.650Z,FALSE
eagesgycusgawcwi.xyz,0,2025-10-26T21:00:33.650Z,FALSE
yoouisgcssuwsook.xyz,0,2025-10-26T21:00:33.650Z,FALSE
gsgeoowqkigogckc.xyz,0,2025-10-26T21:00:33.650Z,FALSE
aauqmiacsaycymiu.xyz,0,2025-10-26T21:00:33.650Z,FALSE
kggykskoowwsocae.xyz,0,2025-10-26T21:00:33.650Z,FALSE
uauaeekaecwymiyc.xyz,0,2025-10-26T21:00:33.650Z,FALSE
yikkygakqckooqiy.xyz,0,2025-10-26T21:00:33.650Z,FALSE
mqewiceigwqamioi.xyz,0,2025-10-26T21:00:33.650Z,FALSE
yoeaaksqyisccwac.xyz,0,2025-10-26T21:00:33.650Z,FALSE
oiqumsiykqgkccum.xyz,0,2025-10-26T21:00:33.650Z,FALSE
uomkwkykekaqqmgm.xyz,0,2025-10-26T21:00:33.650Z,FALSE
wkcmocmegkeoskyy.xyz,0,2025-10-26T21:00:33.650Z,FALSE
geieuamaikweyqim.xyz,0,2025-10-26T21:00:33.650Z,FALSE
icucmeiweqosgywu.xyz,0,2025-10-26T21:00:33.650Z,FALSE
qmegicwcgywiwqww.xyz,0,2025-10-26T21:00:33.650Z,FALSE
ousaqucegqquciyi.xyz,0,2025-10-26T21:00:33.650Z,FALSE
ywcyimceoueskgek.xyz,0,2025-10-26T21:00:33.650Z,FALSE
aaucceaaieqqmwmy.xyz,0,2025-10-26T21:00:33.650Z,FALSE
agwciwccciucumie.xyz,0,2025-10-26T21:00:33.650Z,FALSE
wykaokueuywyqyum.xyz,0,2025-10-26T21:00:33.650Z,FALSE
skqegyyuwigsouks.xyz,0,2025-10-26T21:00:33.650Z,FALSE
mkaqsuiimscwqckg.xyz,0,2025-10-26T21:00:33.650Z,FALSE
wywgssaummgcywyo.xyz,0,2025-10-26T21:00:33.650Z,FALSE
mywaogaocyogccui.xyz,0,2025-10-26T21:00:33.650Z,FALSE
ouaeqygqcygyqgqc.xyz,0,2025-10-26T21:00:33.650Z,FALSE
ouscaciessmisiyo.xyz,0,2025-10-26T21:00:33.650Z,FALSE
uguiamsomgwgkyqu.xyz,0,2025-10-26T21:00:33.650Z,FALSE
amacwimiqikyqouk.xyz,0,2025-10-26T21:00:33.650Z,FALSE
gsiuukuyqsogkkse.xyz,0,2025-10-26T21:00:33.650Z,FALSE
kaqaikowyiqggyuq.xyz,0,2025-10-26T21:00:33.650Z,FALSE
gyaqsyauuwkasusy.xyz,0,2025-10-26T21:00:33.650Z,FALSE
uomsqygskiiaskmy.xyz,0,2025-10-26T21:00:33.650Z,FALSE
cqcggeqsyeiewwgy.xyz,0,2025-10-26T21:00:33.650Z,FALSE
iiwaeekweaaymawy.xyz,0,2025-10-26T21:00:33.650Z,FALSE
gsiceowmyguismmo.xyz,0,2025-10-26T21:00:33.650Z,FALSE
kgyqiggoogicmkmm.xyz,0,2025-10-26T21:00:33.650Z,FALSE
aageeygeyaeoqigg.xyz,0,2025-10-26T21:00:33.650Z,FALSE
gymsmumooycogise.xyz,0,2025-10-26T21:00:33.650Z,FALSE
eaoeueoceguogcsg.xyz,0,2025-10-26T21:00:33.650Z,FALSE
qgaqwecoigoqaiwu.xyz,0,2025-10-26T21:00:33.650Z,FALSE
kaceaiaowuqokoui.xyz,0,2025-10-26T21:00:33.650Z,FALSE
ooyqouacguqgwkuo.xyz,0,2025-10-26T21:00:33.650Z,FALSE
gmiysmigkaswkqim.xyz,0,2025-10-26T21:00:33.650Z,FALSE
kmmweeswekoysouc.xyz,0,2025-10-26T21:00:33.650Z,FALSE
iqowwsiwqeogswug.xyz,0,2025-10-26T21:00:33.650Z,FALSE
ooywmswgcycgqiia.xyz,0,2025-10-26T21:00:33.650Z,FALSE
ugkuwyeymkioqgqs.xyz,0,2025-10-26T21:00:33.650Z,FALSE
ougkiyymmwgmoago.xyz,0,2025-10-26T21:00:33.650Z,FALSE
meyiwoekqmsocuqg.xyz,0,2025-10-26T21:00:33.650Z,FALSE
mqmwksmswcqykuwg.xyz,0,2025-10-26T21:00:33.650Z,FALSE
mewweskyqwgqouoe.xyz,0,2025-10-26T21:00:33.650Z,FALSE
mkemmqukwsceiggy.xyz,0,2025-10-26T21:00:33.650Z,FALSE
qgkwgcooackqmeis.xyz,0,2025-10-26T21:00:33.650Z,FALSE
oiswqayauqcswggo.xyz,0,2025-10-26T21:00:33.650Z,FALSE
eisceyeqiacemawy.xyz,0,2025-10-26T21:00:33.650Z,FALSE
uukecukecgcygsec.xyz,0,2025-10-26T21:00:33.650Z,FALSE
uaoeqmqoaokkkmwg.xyz,0,2025-10-26T21:00:33.650Z,FALSE
ckuiacqksayyykqw.xyz,0,2025-10-26T21:00:33.650Z,FALSE
eusqwoqeaokyksuu.xyz,0,2025-10-26T21:00:33.650Z,FALSE
oigekqyiskgsemgq.xyz,0,2025-10-26T21:00:33.650Z,FALSE
yoqgsiuswcugcyaq.xyz,0,2025-10-26T21:00:33.650Z,FALSE
qggymscwukceykko.xyz,0,2025-10-26T21:00:33.650Z,FALSE
yiaakosmumekyaea.xyz,0,2025-10-26T21:00:33.650Z,FALSE
gmoyesiqkqywwoia.xyz,0,2025-10-26T21:00:33.650Z,FALSE
iweywkcugcwgiqgm.xyz,0,2025-10-26T21:00:33.650Z,FALSE
kmyyqoeguaicuikk.xyz,0,2025-10-26T21:00:33.650Z,FALSE
gyweyikykmekgaao.xyz,0,2025-10-26T21:00:33.650Z,FALSE
ywsewwiksawswscw.xyz,0,2025-10-26T21:00:33.650Z,FALSE
wkcgiusoksokikoc.xyz,0,2025-10-26T21:00:33.650Z,FALSE
sckcmwucomqwqoos.xyz,0,2025-10-26T21:00:33.650Z,FALSE
wsgecoeaquwkmqwg.xyz,0,2025-10-26T21:00:33.650Z,FALSE
myauggiwaecikseq.xyz,0,2025-10-26T21:00:33.650Z,FALSE
oiyoqsokyeaeecwq.xyz,0,2025-10-26T21:00:33.650Z,FALSE
cwwmgwwgcskksosq.xyz,0,2025-10-26T21:00:33.650Z,FALSE
uoocuyieywggsski.xyz,0,2025-10-26T21:00:33.650Z,FALSE
eakcewwusocaiacs.xyz,0,2025-10-26T21:00:33.650Z,FALSE
gssicuemygyyuuqg.xyz,0,2025-10-26T21:00:33.650Z,FALSE
qswagycooieakiwc.xyz,0,2025-10-26T21:00:33.650Z,FALSE
oicoomsiaoiyeqcc.xyz,0,2025-10-26T21:00:33.650Z,FALSE
uaikqeqkgqggikqm.xyz,0,2025-10-26T21:00:33.650Z,FALSE
amogeasymmwukysc.xyz,0,2025-10-26T21:00:33.650Z,FALSE
iiuusoqaasymmaem.xyz,0,2025-10-26T21:00:33.650Z,FALSE
amaamiekgecgqige.xyz,0,2025-10-26T21:00:33.650Z,FALSE
ywgymskuquaakoqs.xyz,0,2025-10-26T21:00:33.650Z,FALSE
ywogcqcissmsqssu.xyz,0,2025-10-26T21:00:33.650Z,FALSE
kayuwaiuoaowikag.xyz,0,2025-10-26T21:00:33.650Z,FALSE
uowsscksgiewmkei.xyz,0,2025-10-26T21:00:33.650Z,FALSE
kmqcacyoucikqieo.xyz,0,2025-10-26T21:00:33.650Z,FALSE
ckksugiuwkwaukeo.xyz,0,2025-10-26T21:00:33.650Z,FALSE
qmwasmwumuqkqggq.xyz,0,2025-10-26T21:00:33.650Z,FALSE
kagookooswwciumk.xyz,0,2025-10-26T21:00:33.650Z,FALSE
mqisuoaeogekykus.xyz,0,2025-10-26T21:00:33.650Z,FALSE
qyiqsymwgcowqayc.xyz,0,2025-10-26T21:00:33.650Z,FALSE
iciwsuaesqumgsqe.xyz,0,2025-10-26T21:00:33.650Z,FALSE
oiqaogmkacwoyaug.xyz,0,2025-10-26T21:00:33.650Z,FALSE
skecieiqkaayqoko.xyz,0,2025-10-26T21:00:33.650Z,FALSE
qswoqweagqaswawk.xyz,0,2025-10-26T21:00:33.650Z,FALSE
agckqkmuyaceceqg.xyz,0,2025-10-26T21:00:33.650Z,FALSE
kgayokoigmgskmqy.xyz,0,2025-10-26T21:00:33.650Z,FALSE
wsmwokqwkcsauciq.xyz,0,2025-10-26T21:00:33.650Z,FALSE
skewqgsgyamuucge.xyz,0,2025-10-26T21:00:33.650Z,FALSE
eiyyyyqcuaeooowq.xyz,0,2025-10-26T21:00:33.650Z,FALSE
swwiycuaaqoquqcs.xyz,0,2025-10-26T21:00:33.650Z,FALSE
uggmsgyysagokyyg.xyz,0,2025-10-26T21:00:33.650Z,FALSE
euakeagkukcmkmmw.xyz,0,2025-10-26T21:00:33.650Z,FALSE
scgekmmqgksikiia.xyz,0,2025-10-26T21:00:33.650Z,FALSE
euguswccqoukmgge.xyz,0,2025-10-26T21:00:33.650Z,FALSE
iyocmummiigcegoi.xyz,0,2025-10-26T21:00:33.650Z,FALSE
ucqswcggyyiggykm.xyz,0,2025-10-26T21:00:33.650Z,FALSE
ggoqgkuwowiiwkcu.xyz,0,2025-10-26T21:00:33.650Z,FALSE
cyusaswsakqiaikc.xyz,0,2025-10-26T21:00:33.650Z,FALSE
uceouggwyscsyogm.xyz,0,2025-10-26T21:00:33.650Z,FALSE
oqwouakcagussmwu.xyz,0,2025-10-26T21:00:33.650Z,FALSE
aaoccekqamewcwaq.xyz,0,2025-10-26T21:00:33.650Z,FALSE
eioimomycauqcyco.xyz,0,2025-10-26T21:00:33.650Z,FALSE
eokeeqwyikyysiig.xyz,0,2025-10-26T21:00:33.650Z,FALSE
yckcacyewkcegwqy.xyz,0,2025-10-26T21:00:33.650Z,FALSE
smmkuwoeieeycwsg.xyz,0,2025-10-26T21:00:33.650Z,FALSE
cgmcgawcueeywews.xyz,0,2025-10-26T21:00:33.650Z,FALSE
icayiqmqegkaskcu.xyz,0,2025-10-26T21:00:33.650Z,FALSE
ugsguiacimsiaqes.xyz,0,2025-10-26T21:00:33.650Z,FALSE
qacogaysqgwosgsk.xyz,0,2025-10-26T21:00:33.650Z,FALSE
oeqawsikiqmeccss.xyz,0,2025-10-26T21:00:33.650Z,FALSE
ugaoaayaawscaims.xyz,0,2025-10-26T21:00:33.650Z,FALSE
wawwcqcaugiaigyu.xyz,0,2025-10-26T21:00:33.650Z,FALSE
okyieasemuciwscg.xyz,0,2025-10-26T21:00:33.650Z,FALSE
quqykqkcymawgmqe.xyz,0,2025-10-26T21:00:33.650Z,FALSE
wauegaqqawmgoois.xyz,0,2025-10-26T21:00:33.650Z,FALSE
gukumsosymmoaesk.xyz,0,2025-10-26T21:00:33.650Z,FALSE
cgsgykmcaewmaack.xyz,0,2025-10-26T21:00:33.650Z,FALSE
smmoyuywseuisiiq.xyz,0,2025-10-26T21:00:33.650Z,FALSE
cyoeiycaiymaeumm.xyz,0,2025-10-26T21:00:33.650Z,FALSE
wgukgsgamwamogke.xyz,0,2025-10-26T21:00:33.650Z,FALSE
seqqkaqskouewmoy.xyz,0,2025-10-26T21:00:33.650Z,FALSE
smcwkymiaqomwgmm.xyz,0,2025-10-26T21:00:33.650Z,FALSE
kwgsisiiaycwqgws.xyz,0,2025-10-26T21:00:33.650Z,FALSE
uwiagckyouyiqame.xyz,0,2025-10-26T21:00:33.650Z,FALSE
qaikyqcaooqgaukw.xyz,0,2025-10-26T21:00:33.650Z,FALSE
isygqmywaigaaema.xyz,0,2025-10-26T21:00:33.650Z,FALSE
wauooiaiciseoimu.xyz,0,2025-10-26T21:00:33.650Z,FALSE
ikgmeoqmqiykcgww.xyz,0,2025-10-26T21:00:33.650Z,FALSE
gakqksogqmqacyqs.xyz,0,2025-10-26T21:00:33.650Z,FALSE
aumckokaouqaycgu.xyz,0,2025-10-26T21:00:33.650Z,FALSE
uimaeuoaweymusue.xyz,0,2025-10-26T21:00:33.650Z,FALSE
cscwsoioggiwioac.xyz,0,2025-10-26T21:00:33.650Z,FALSE
ewaiiyuqkiaamuky.xyz,0,2025-10-26T21:00:33.650Z,FALSE
kcagemgqgooiwuao.xyz,0,2025-10-26T21:00:33.650Z,FALSE
wawksyokuiikimaq.xyz,0,2025-10-26T21:00:33.650Z,FALSE
ssaawckkcyoakumq.xyz,0,2025-10-26T21:00:33.650Z,FALSE
oeuqkkcqiqkykeiy.xyz,0,2025-10-26T21:00:33.650Z,FALSE
gokmssaagmquwkwq.xyz,0,2025-10-26T21:00:33.650Z,FALSE
uigsumiyeackssie.xyz,0,2025-10-26T21:00:33.650Z,FALSE
qaysseimukgwecec.xyz,0,2025-10-26T21:00:33.650Z,FALSE
aosioggeyucaumke.xyz,0,2025-10-26T21:00:33.650Z,FALSE
wguosgmyuyummesw.xyz,0,2025-10-26T21:00:33.650Z,FALSE
mmokywwskwyaocmm.xyz,0,2025-10-26T21:00:33.650Z,FALSE
ecymguskaaugkqsw.xyz,0,2025-10-26T21:00:33.650Z,FALSE
mmqwccgioauuewcm.xyz,0,2025-10-26T21:00:33.650Z,FALSE
gockmwsqssicyqac.xyz,0,2025-10-26T21:00:33.650Z,FALSE
mgmsmggkqykymgqw.xyz,0,2025-10-26T21:00:33.650Z,FALSE
aigwwoaiseguakys.xyz,0,2025-10-26T21:00:33.650Z,FALSE
ewkaiosyeikkiqqa.xyz,0,2025-10-26T21:00:33.650Z,FALSE
sscciusuqcwymumo.xyz,0,2025-10-26T21:00:33.650Z,FALSE
iswmwwcimsyuuiei.xyz,0,2025-10-26T21:00:33.650Z,FALSE
owgkmyukiqwaooqu.xyz,0,2025-10-26T21:00:33.650Z,FALSE
ewoyqqsgmimqkaeq.xyz,0,2025-10-26T21:00:33.650Z,FALSE
uwswsqmeuyuoimai.xyz,0,2025-10-26T21:00:33.650Z,FALSE
acuecgkmewgkuamy.xyz,0,2025-10-26T21:00:33.650Z,FALSE
aciccsywueueayao.xyz,0,2025-10-26T21:00:33.650Z,FALSE
kcmieowqkimaeeya.xyz,0,2025-10-26T21:00:33.650Z,FALSE
cmqyoqmggcikeoes.xyz,0,2025-10-26T21:00:33.650Z,FALSE
ykmcaygoqywuycai.xyz,0,2025-10-26T21:00:33.650Z,FALSE
yyeycisqymoigqwe.xyz,0,2025-10-26T21:00:33.650Z,FALSE
msgsuceoqoqauooa.xyz,0,2025-10-26T21:00:33.650Z,FALSE
qowuyqoqsagyyysu.xyz,0,2025-10-26T21:00:33.650Z,FALSE
auoaescismeigciy.xyz,0,2025-10-26T21:00:33.650Z,FALSE
wayaqkuaoyoqkcyu.xyz,0,2025-10-26T21:00:33.650Z,FALSE
smoewykcoiqeawoy.xyz,0,2025-10-26T21:00:33.650Z,FALSE
yqqgaaemiskaumca.xyz,0,2025-10-26T21:00:33.650Z,FALSE
owwesaosqguemako.xyz,0,2025-10-26T21:00:33.650Z,FALSE
wmsweqwacemgoakg.xyz,0,2025-10-26T21:00:33.650Z,FALSE
wmoyowqmycwmygye.xyz,0,2025-10-26T21:00:33.650Z,FALSE
ewayissauqiemoww.xyz,0,2025-10-26T21:00:33.650Z,FALSE
gaqgacyiqsgoegyu.xyz,0,2025-10-26T21:00:33.650Z,FALSE
issmuiqywkciaiyk.xyz,0,2025-10-26T21:00:33.650Z,FALSE
smwoqqemysgokwyi.xyz,0,2025-10-26T21:00:33.650Z,FALSE
cscecmkckaousuqs.xyz,0,2025-10-26T21:00:33.650Z,FALSE
oquwwwoascyigiqo.xyz,0,2025-10-26T21:00:33.650Z,FALSE
uwigwuyuacgoocyk.xyz,0,2025-10-26T21:00:33.650Z,FALSE
ewygemoaquikycek.xyz,0,2025-10-26T21:00:33.650Z,FALSE
eqqyucccqeyqkcmm.xyz,0,2025-10-26T21:00:33.650Z,FALSE
ecquugsokgscsuuc.xyz,0,2025-10-26T21:00:33.650Z,FALSE
mamkaqmwoksysgau.xyz,0,2025-10-26T21:00:33.650Z,FALSE
goemmukmymosocqy.xyz,0,2025-10-26T21:00:33.650Z,FALSE
uqcuqwewcwssqcok.xyz,0,2025-10-26T21:00:33.650Z,FALSE
msakcoikeeiogisk.xyz,0,2025-10-26T21:00:33.650Z,FALSE
wumqooiweaswycsg.xyz,0,2025-10-26T21:00:33.650Z,FALSE
sswkayagkoyqckeg.xyz,0,2025-10-26T21:00:33.650Z,FALSE
auwmgwgqkmcuwoow.xyz,0,2025-10-26T21:00:33.650Z,FALSE
uqokyqiycgmayyqo.xyz,0,2025-10-26T21:00:33.650Z,FALSE
mmcegkikucyeaikg.xyz,0,2025-10-26T21:00:33.650Z,FALSE
ssqasimouquwwqae.xyz,0,2025-10-26T21:00:33.650Z,FALSE
syeeeycqmieaiyow.xyz,0,2025-10-26T21:00:33.650Z,FALSE
owecywyekqsuwysg.xyz,0,2025-10-26T21:00:33.650Z,FALSE
csmweoowkcqaaoiy.xyz,0,2025-10-26T21:00:33.650Z,FALSE
waaeiouieeqqqmcq.xyz,0,2025-10-26T21:00:33.650Z,FALSE
guuguccocmyuimuk.xyz,0,2025-10-26T21:00:33.650Z,FALSE
kiyyiqwasceiogoy.xyz,0,2025-10-26T21:00:33.650Z,FALSE
cymcmaukamgqewom.xyz,0,2025-10-26T21:00:33.650Z,FALSE
oqewyecikyoqegmi.xyz,0,2025-10-26T21:00:33.650Z,FALSE
ekwyakkegksowamy.xyz,0,2025-10-26T21:00:33.650Z,FALSE
ssegekusaoecgkku.xyz,0,2025-10-26T21:00:33.650Z,FALSE
ssuycsmmaguaguwy.xyz,0,2025-10-26T21:00:33.650Z,FALSE
gaksiwkgeoecgiqe.xyz,0,2025-10-26T21:00:33.650Z,FALSE
ggqaaickgiqsmoyc.xyz,0,2025-10-26T21:00:33.650Z,FALSE
qioggoaqskawqumk.xyz,0,2025-10-26T21:00:33.650Z,FALSE
wggkgksgooekgowg.xyz,0,2025-10-26T21:00:33.650Z,FALSE
kcygamsaseeiyuao.xyz,0,2025-10-26T21:00:33.650Z,FALSE
ggammowuaiwguiga.xyz,0,2025-10-26T21:00:33.650Z,FALSE
cygweykqoeeqkuos.xyz,0,2025-10-26T21:00:33.650Z,FALSE
cgmmqqcuwoeqykeg.xyz,0,2025-10-26T21:00:33.650Z,FALSE
accwwqkieaqmesgs.xyz,0,2025-10-26T21:00:33.650Z,FALSE
aiyyqqyueicqqoma.xyz,0,2025-10-26T21:00:33.650Z,FALSE
ismekkcuskkaywss.xyz,0,2025-10-26T21:00:33.650Z,FALSE
gaggaascwkssqmmc.xyz,0,2025-10-26T21:00:33.650Z,FALSE
seqsaayoseaokegk.xyz,0,2025-10-26T21:00:33.650Z,FALSE
ewwqmmqyussgmiei.xyz,0,2025-10-26T21:00:33.650Z,FALSE
waqqmkmmowmciaau.xyz,0,2025-10-26T21:00:33.650Z,FALSE
acumsycycqgcigmo.xyz,0,2025-10-26T21:00:33.650Z,FALSE
wucyskiycmkwiuaa.xyz,0,2025-10-26T21:00:33.650Z,FALSE
gaakmkqukceycgis.xyz,0,2025-10-26T21:00:33.650Z,FALSE
oeaqakgwwgkwcses.xyz,0,2025-10-26T21:00:33.650Z,FALSE
ggigkgucwseimiys.xyz,0,2025-10-26T21:00:33.650Z,FALSE
kcciysuauwyseqiy.xyz,0,2025-10-26T21:00:33.650Z,FALSE
oweaokeyiygwogee.xyz,0,2025-10-26T21:00:33.650Z,FALSE
yykqegsumkqaaemu.xyz,0,2025-10-26T21:00:33.650Z,FALSE
kioimqyaauyakcqi.xyz,0,2025-10-26T21:00:33.650Z,FALSE
auamuugeciwkwiuu.xyz,0,2025-10-26T21:00:33.650Z,FALSE
cywcgiiiugckiksq.xyz,0,2025-10-26T21:00:33.650Z,FALSE
gggsqoayoqsweako.xyz,0,2025-10-26T21:00:33.650Z,FALSE
wguauesuksoqqyyc.xyz,0,2025-10-26T21:00:33.650Z,FALSE
cswisggicciqgmya.xyz,0,2025-10-26T21:00:33.650Z,FALSE
yewucoosceeqcqgq.xyz,0,2025-10-26T21:00:33.650Z,FALSE
cgwauqguuegssoee.xyz,0,2025-10-26T21:00:33.650Z,FALSE
ssqkccwoooeomwco.xyz,0,2025-10-26T21:00:33.650Z,FALSE
qoyqwguywaioowyu.xyz,0,2025-10-26T21:00:33.650Z,FALSE
uwgumssgkmacequa.xyz,0,2025-10-26T21:00:33.650Z,FALSE
cmiaysaccmcgomie.xyz,0,2025-10-26T21:00:33.650Z,FALSE
eqakqwmksoyakcgk.xyz,0,2025-10-26T21:00:33.650Z,FALSE
iyemmiisiocwgeom.xyz,0,2025-10-26T21:00:33.650Z,FALSE
kiskkgaqgiogiwwm.xyz,0,2025-10-26T21:00:33.650Z,FALSE
ieiqmqykuwmosiga.xyz,0,2025-10-26T21:00:33.650Z,FALSE
ekoeiuqussoceokq.xyz,0,2025-10-26T21:00:33.650Z,FALSE
quwkowiqcoosgyiw.xyz,0,2025-10-26T21:00:33.650Z,FALSE
auaoiaiaciooiqgi.xyz,0,2025-10-26T21:00:33.650Z,FALSE
yyqegkeqisiuaose.xyz,0,2025-10-26T21:00:33.650Z,FALSE
uicikucmuaccacew.xyz,0,2025-10-26T21:00:33.650Z,FALSE
mswogickmeakgkaw.xyz,0,2025-10-26T21:00:33.650Z,FALSE
ykiumoousuwacyuo.xyz,0,2025-10-26T21:00:33.650Z,FALSE
wagasukomkmuewek.xyz,0,2025-10-26T21:00:33.650Z,FALSE
maqicgemmweeqiye.xyz,0,2025-10-26T21:00:33.650Z,FALSE
ecmggcscuommusgy.xyz,0,2025-10-26T21:00:33.650Z,FALSE
uisassgiusyugwei.xyz,0,2025-10-26T21:00:33.650Z,FALSE
ekgksgksucygwgem.xyz,0,2025-10-26T21:00:33.650Z,FALSE
kiosuamkeaigkmug.xyz,0,2025-10-26T21:00:33.650Z,FALSE
yyymoykkygckweoy.xyz,0,2025-10-26T21:00:33.650Z,FALSE
eqmueiomgcyigmko.xyz,0,2025-10-26T21:00:33.650Z,FALSE
mmauqagqemogcuiq.xyz,0,2025-10-26T21:00:33.650Z,FALSE
uiyuyemeyemsessi.xyz,0,2025-10-26T21:00:33.650Z,FALSE
ykoececsokaiggcm.xyz,0,2025-10-26T21:00:33.650Z,FALSE
yysqkkkeiueoamyy.xyz,0,2025-10-26T21:00:33.650Z,FALSE
oeksgsgguqigckwk.xyz,0,2025-10-26T21:00:33.650Z,FALSE
kooowsukigyaawoe.xyz,0,2025-10-26T21:00:33.650Z,FALSE
acyaekcuquekaasi.xyz,0,2025-10-26T21:00:33.650Z,FALSE
okiogewoumascmee.xyz,0,2025-10-26T21:00:33.650Z,FALSE
yeiewiywouqgsqiw.xyz,0,2025-10-26T21:00:33.650Z,FALSE
iskocaycqwuasmaq.xyz,0,2025-10-26T21:00:33.650Z,FALSE
isggisaaqqiuysqk.xyz,0,2025-10-26T21:00:33.650Z,FALSE
auemqymskkcycyks.xyz,0,2025-10-26T21:00:33.650Z,FALSE
ykumuemyaaiwcwos.xyz,0,2025-10-26T21:00:33.650Z,FALSE
eqgyiuuwgmuaiaou.xyz,0,2025-10-26T21:00:33.650Z,FALSE
ewiocacmqeigwumw.xyz,0,2025-10-26T21:00:33.650Z,FALSE
okqyesmmoeyqquak.xyz,0,2025-10-26T21:00:33.650Z,FALSE
qusukaikqmogyksi.xyz,0,2025-10-26T21:00:33.650Z,FALSE
gagowqkwquqeaeym.xyz,0,2025-10-26T21:00:33.650Z,FALSE
okcuskooeccaaquo.xyz,0,2025-10-26T21:00:33.650Z,FALSE
komqkcceiikquuuu.xyz,0,2025-10-26T21:00:33.650Z,FALSE
cyqmeoeymykgumoq.xyz,0,2025-10-26T21:00:33.650Z,FALSE
uccuskkgwiuoswcm.xyz,0,2025-10-26T21:00:33.650Z,FALSE
smuoiasgmucmyiaq.xyz,0,2025-10-26T21:00:33.650Z,FALSE
ecwyygsmgusmqkcy.xyz,0,2025-10-26T21:00:33.650Z,FALSE
gocigiqugiuuqgmm.xyz,0,2025-10-26T21:00:33.650Z,FALSE
yquiyakysiaqmwsa.xyz,0,2025-10-26T21:00:33.650Z,FALSE
oqkacoceqaiawwse.xyz,0,2025-10-26T21:00:33.650Z,FALSE
uqmeuyuwckakcssk.xyz,0,2025-10-26T21:00:33.650Z,FALSE
ssyeugmacikwkako.xyz,0,2025-10-26T21:00:33.650Z,FALSE
yqygcqkqqkuagika.xyz,0,2025-10-26T21:00:33.650Z,FALSE
seuyuaumsqsgumos.xyz,0,2025-10-26T21:00:33.650Z,FALSE
eqaoqcewkmkcyoiy.xyz,0,2025-10-26T21:00:33.650Z,FALSE
cywuemykegymewqi.xyz,0,2025-10-26T21:00:33.650Z,FALSE
mmseoacmymoswqyw.xyz,0,2025-10-26T21:00:33.650Z,FALSE
yyqkayuwusoymuwo.xyz,0,2025-10-26T21:00:33.650Z,FALSE
syamqosywcqyiwya.xyz,0,2025-10-26T21:00:33.650Z,FALSE
qiakckceawamcegi.xyz,0,2025-10-26T21:00:33.650Z,FALSE
auaawgesswkokgey.xyz,0,2025-10-26T21:00:33.650Z,FALSE
aiyisyqmyaasseii.xyz,0,2025-10-26T21:00:33.650Z,FALSE
cgyiaamieuckywgu.xyz,0,2025-10-26T21:00:33.650Z,FALSE
iycygyugwqgkgsos.xyz,0,2025-10-26T21:00:33.650Z,FALSE
oqgwymmcoqoacike.xyz,0,2025-10-26T21:00:33.650Z,FALSE
qocuyuyaakaysqaa.xyz,0,2025-10-26T21:00:33.650Z,FALSE
wgkkmicgyoaywaic.xyz,0,2025-10-26T21:00:33.650Z,FALSE
kwkaoysocuwaeyia.xyz,0,2025-10-26T21:00:33.650Z,FALSE
iyumacomisesqwui.xyz,0,2025-10-26T21:00:33.650Z,FALSE
cgsygikekakyacui.xyz,0,2025-10-26T21:00:33.650Z,FALSE
ieqmiegsiwigciog.xyz,0,2025-10-26T21:00:33.650Z,FALSE
iyekeyewqywigocs.xyz,0,2025-10-26T21:00:33.650Z,FALSE
yqeeacoaiqiqumke.xyz,0,2025-10-26T21:00:33.650Z,FALSE
aooeoggmcgkqcqqo.xyz,0,2025-10-26T21:00:33.650Z,FALSE
sscsuycgckggoyag.xyz,0,2025-10-26T21:00:33.650Z,FALSE
kwasoowmqgkmymyy.xyz,0,2025-10-26T21:00:33.650Z,FALSE
eqwieugsmwiweaow.xyz,0,2025-10-26T21:00:33.650Z,FALSE
eqyymkmqoqsgmogm.xyz,0,2025-10-26T21:00:33.650Z,FALSE
uqwyqywuyumiyuae.xyz,0,2025-10-26T21:00:33.650Z,FALSE
kouceugsuieyawqa.xyz,0,2025-10-26T21:00:33.650Z,FALSE
oqyascseayissgee.xyz,0,2025-10-26T21:00:33.650Z,FALSE
owwikaegaawcimic.xyz,0,2025-10-26T21:00:33.650Z,FALSE
wgcyayaceqgqcygo.xyz,0,2025-10-26T21:00:33.650Z,FALSE
ggmyqeegwieymamc.xyz,0,2025-10-26T21:00:33.650Z,FALSE
gugooacgmsacsoqw.xyz,0,2025-10-26T21:00:33.650Z,FALSE
qigkwuuswmwemkoa.xyz,0,2025-10-26T21:00:33.650Z,FALSE
waacwceuiueusuac.xyz,0,2025-10-26T21:00:33.650Z,FALSE
wugwkqyycwaqmgoe.xyz,0,2025-10-26T21:00:33.650Z,FALSE
owecqeggcmyusugi.xyz,0,2025-10-26T21:00:33.650Z,FALSE
wuiqwuamaumkuwqy.xyz,0,2025-10-26T21:00:33.650Z,FALSE
kouasaoceumsguiw.xyz,0,2025-10-26T21:00:33.650Z,FALSE
yqaiqeiwksguqqmo.xyz,0,2025-10-26T21:00:33.650Z,FALSE
kisacgyuisoqiqag.xyz,0,2025-10-26T21:00:33.650Z,FALSE
wmqcesiiukwkoiia.xyz,0,2025-10-26T21:00:33.650Z,FALSE
syamqgoiisyysegi.xyz,0,2025-10-26T21:00:33.650Z,FALSE
ekuocoyckqcugquo.xyz,0,2025-10-26T21:00:33.650Z,FALSE
aogawqgccymimgme.xyz,0,2025-10-26T21:00:33.650Z,FALSE
seguuqmsegacmasq.xyz,0,2025-10-26T21:00:33.650Z,FALSE
aueiwkeooeyougiw.xyz,0,2025-10-26T21:00:33.650Z,FALSE
mgiwuaimawegkaqi.xyz,0,2025-10-26T21:00:33.650Z,FALSE
yyyommgysygkcquw.xyz,0,2025-10-26T21:00:33.650Z,FALSE
mgmuikeucqmeskcq.xyz,0,2025-10-26T21:00:33.650Z,FALSE
ekqmkakoqewkgekg.xyz,0,2025-10-26T21:00:33.650Z,FALSE
aoewuckgquyoagcu.xyz,0,2025-10-26T21:00:33.650Z,FALSE
kwiemamuqomyyees.xyz,0,2025-10-26T21:00:33.650Z,FALSE
owmoakwwkewcqeyk.xyz,0,2025-10-26T21:00:33.650Z,FALSE
okogswiwccmmokqg.xyz,0,2025-10-26T21:00:33.650Z,FALSE
aoeicgqouckaokye.xyz,0,2025-10-26T21:00:33.650Z,FALSE
csaesyyckcukoqiq.xyz,0,2025-10-26T21:00:33.650Z,FALSE
qugmuamammyeausg.xyz,0,2025-10-26T21:00:33.650Z,FALSE
ssyyggoiamiaeswa.xyz,0,2025-10-26T21:00:33.650Z,FALSE
ssgcumouokycqsgc.xyz,0,2025-10-26T21:00:33.650Z,FALSE
koqswqgacesuwcka.xyz,0,2025-10-26T21:00:33.650Z,FALSE
iskoceoqucuwsiuw.xyz,0,2025-10-26T21:00:33.650Z,FALSE
ewuyaksimgomkuyi.xyz,0,2025-10-26T21:00:33.650Z,FALSE
iyqkayseequkygki.xyz,0,2025-10-26T21:00:33.650Z,FALSE
yykmwcusmgisiuwa.xyz,0,2025-10-26T21:00:33.650Z,FALSE
eqamiimkiqymycki.xyz,0,2025-10-26T21:00:33.650Z,FALSE
ikcoyyygqmqqecsq.xyz,0,2025-10-26T21:00:33.650Z,FALSE
iyiaygwywikgucym.xyz,0,2025-10-26T21:00:33.650Z,FALSE
qiqqaeeswemoekok.xyz,0,2025-10-26T21:00:33.650Z,FALSE
iyocwweycawaggoc.xyz,0,2025-10-26T21:00:33.650Z,FALSE
ikeqsyseekqsiaco.xyz,0,2025-10-26T21:00:33.650Z,FALSE
ucaqymoagugwsioo.xyz,0,2025-10-26T21:00:33.650Z,FALSE
yyayokgaswqyieye.xyz,0,2025-10-26T21:00:33.650Z,FALSE
qaskgquskqaqscey.xyz,0,2025-10-26T21:00:33.650Z,FALSE
wgeessckissoiows.xyz,0,2025-10-26T21:00:33.650Z,FALSE
kimswccwkosgywsi.xyz,0,2025-10-26T21:00:33.650Z,FALSE
sygsyeamqcgcuaie.xyz,0,2025-10-26T21:00:33.650Z,FALSE
uwakusiikeieggqq.xyz,0,2025-10-26T21:00:33.650Z,FALSE
eckiwcaomuyswcck.xyz,0,2025-10-26T21:00:33.650Z,FALSE
smyymgeumwmewamu.xyz,0,2025-10-26T21:00:33.650Z,FALSE
wawiwisyymukqccu.xyz,0,2025-10-26T21:00:33.650Z,FALSE
okwwuiemieceygma.xyz,0,2025-10-26T21:00:33.650Z,FALSE
ecceqaukusmwesuy.xyz,0,2025-10-26T21:00:33.650Z,FALSE
smyqcuuciqggquak.xyz,0,2025-10-26T21:00:33.650Z,FALSE
qieyackysqogwgeq.xyz,0,2025-10-26T21:00:33.650Z,FALSE
quyismgyaqqciyya.xyz,0,2025-10-26T21:00:33.650Z,FALSE
wusiuuuaqsekakqa.xyz,0,2025-10-26T21:00:33.650Z,FALSE
ggwemwgwsmmiioqi.xyz,0,2025-10-26T21:00:33.650Z,FALSE
isgseygkusqgggai.xyz,0,2025-10-26T21:00:33.650Z,FALSE
syaqiwmswegikuga.xyz,0,2025-10-26T21:00:33.650Z,FALSE
ucsomgumsiegcsww.xyz,0,2025-10-26T21:00:33.650Z,FALSE
wuquuwckmkuauuky.xyz,0,2025-10-26T21:00:33.650Z,FALSE
equoqsawqkyqmwis.xyz,0,2025-10-26T21:00:33.650Z,FALSE
iysmqgcskuqkumyg.xyz,0,2025-10-26T21:00:33.650Z,FALSE
qayewscqusycksea.xyz,0,2025-10-26T21:00:33.650Z,FALSE
yqymeieukucqguoi.xyz,0,2025-10-26T21:00:33.650Z,FALSE
uwyqsyiqywsiymeq.xyz,0,2025-10-26T21:00:33.650Z,FALSE
sekysquwyyiakmes.xyz,0,2025-10-26T21:00:33.650Z,FALSE
qisqmmaowukmqcws.xyz,0,2025-10-26T21:00:33.650Z,FALSE
oeuogksgseoiquac.xyz,0,2025-10-26T21:00:33.650Z,FALSE
guaysyikskwawwiw.xyz,0,2025-10-26T21:00:33.650Z,FALSE
ucgaoicqiiqqeaaa.xyz,0,2025-10-26T21:00:33.650Z,FALSE
sysiamuykkiuwusk.xyz,0,2025-10-26T21:00:33.650Z,FALSE
ssiagqegsiicwmom.xyz,0,2025-10-26T21:00:33.650Z,FALSE
masusiyyosscguoq.xyz,0,2025-10-26T21:00:33.650Z,FALSE
kouiauwewqmmeysg.xyz,0,2025-10-26T21:00:33.650Z,FALSE
gaqoguwkeaumgiyi.xyz,0,2025-10-26T21:00:33.650Z,FALSE
ggeiyusmqawkeeco.xyz,0,2025-10-26T21:00:33.650Z,FALSE
owcqqekokiqqwcsu.xyz,0,2025-10-26T21:00:33.650Z,FALSE
aiwamyyqswugsaqi.xyz,0,2025-10-26T21:00:33.650Z,FALSE
cscsoosiguagacyw.xyz,0,2025-10-26T21:00:33.650Z,FALSE
yqskykwaomqaiwyo.xyz,0,2025-10-26T21:00:33.650Z,FALSE
oqgsqkoakkygyqoq.xyz,0,2025-10-26T21:00:33.650Z,FALSE
aosyaawgeqymseww.xyz,0,2025-10-26T21:00:33.650Z,FALSE
mmmqwaiammowcwcc.xyz,0,2025-10-26T21:00:33.650Z,FALSE
uwyeqyuoawcaweoe.xyz,0,2025-10-26T21:00:33.650Z,FALSE
eqkssweyugeuqeue.xyz,0,2025-10-26T21:00:33.650Z,FALSE
aiokcqyyoeqqqqyg.xyz,0,2025-10-26T21:00:33.650Z,FALSE
ggeysgaqacimqmce.xyz,0,2025-10-26T21:00:33.650Z,FALSE
kcwaawyceskeceiq.xyz,0,2025-10-26T21:00:33.650Z,FALSE
wagusiuoookksusg.xyz,0,2025-10-26T21:00:33.650Z,FALSE
ykmygyyucguqoyqk.xyz,0,2025-10-26T21:00:33.650Z,FALSE
yeeukqguooskmqim.xyz,0,2025-10-26T21:00:33.650Z,FALSE
gaqeuusiuwsqkiew.xyz,0,2025-10-26T21:00:33.650Z,FALSE
goququamemcycoae.xyz,0,2025-10-26T21:00:33.650Z,FALSE
wuseuykosogaqimk.xyz,0,2025-10-26T21:00:33.650Z,FALSE
qaeogokgeoesoqco.xyz,0,2025-10-26T21:00:33.650Z,FALSE
smwkkogwgqukesai.xyz,0,2025-10-26T21:00:33.650Z,FALSE
wmwygmowwgiswymq.xyz,0,2025-10-26T21:00:33.650Z,FALSE
cmgcyooqoocwieak.xyz,0,2025-10-26T21:00:33.650Z,FALSE
symyoaouksgemqck.xyz,0,2025-10-26T21:00:33.650Z,FALSE
owmgwcqiocgeycam.xyz,0,2025-10-26T21:00:33.650Z,FALSE
cssyuuwouiymcyyy.xyz,0,2025-10-26T21:00:33.650Z,FALSE
waimeosmowaysccc.xyz,0,2025-10-26T21:00:33.650Z,FALSE
ekooogekmcoskqey.xyz,0,2025-10-26T21:00:33.650Z,FALSE
gowaqqmqwwkgasuc.xyz,0,2025-10-26T21:00:33.650Z,FALSE
aoqucaumgkygccgy.xyz,0,2025-10-26T21:00:33.650Z,FALSE
uqqkwcqyuqwmuayc.xyz,0,2025-10-26T21:00:33.650Z,FALSE
yymicayiskukyuee.xyz,0,2025-10-26T21:00:33.650Z,FALSE
wgsogasewkwyasgg.xyz,0,2025-10-26T21:00:33.650Z,FALSE
ikqwsqgkycwqsouw.xyz,0,2025-10-26T21:00:33.650Z,FALSE
qioeckgmoasaqigw.xyz,0,2025-10-26T21:00:33.650Z,FALSE
qakwuuiosayguwse.xyz,0,2025-10-26T21:00:33.650Z,FALSE
auqokociiiscugmy.xyz,0,2025-10-26T21:00:33.650Z,FALSE
guyuemcqesgiowkw.xyz,0,2025-10-26T21:00:33.650Z,FALSE
kcyawacmmymqoqsy.xyz,0,2025-10-26T21:00:33.650Z,FALSE
cyqiqegmkcwwyqeu.xyz,0,2025-10-26T21:00:33.650Z,FALSE
sekmscakqekwmsye.xyz,0,2025-10-26T21:00:33.650Z,FALSE
syweygoawwkmgymi.xyz,0,2025-10-26T21:00:33.650Z,FALSE
sewcoqskgkqkysyu.xyz,0,2025-10-26T21:00:33.650Z,FALSE
oqasicwcmoigcmku.xyz,0,2025-10-26T21:00:33.650Z,FALSE
kcqymmawgeokaesc.xyz,0,2025-10-26T21:00:33.650Z,FALSE
smwocucqyigaascu.xyz,0,2025-10-26T21:00:33.650Z,FALSE
isoqkcegwmwgcuog.xyz,0,2025-10-26T21:00:33.650Z,FALSE
seikmwumamasoqsw.xyz,0,2025-10-26T21:00:33.650Z,FALSE
wuwyikiiggciciaa.xyz,0,2025-10-26T21:00:33.650Z,FALSE
goaiokqaagiacowe.xyz,0,2025-10-26T21:00:33.650Z,FALSE
goccukoecsoucsqm.xyz,0,2025-10-26T21:00:33.650Z,FALSE
csuuaieewguqesei.xyz,0,2025-10-26T21:00:33.650Z,FALSE
wmkiowakqeoegeii.xyz,0,2025-10-26T21:00:33.650Z,FALSE
iyuqcwkyswqeimcs.xyz,0,2025-10-26T21:00:33.650Z,FALSE
smekggqqiukwmiao.xyz,0,2025-10-26T21:00:33.650Z,FALSE
ucsmsyegukmeemok.xyz,0,2025-10-26T21:00:33.650Z,FALSE
gugcceyaseogwmak.xyz,0,2025-10-26T21:00:33.650Z,FALSE
ykkmswiqsmgeacge.xyz,0,2025-10-26T21:00:33.650Z,FALSE
kwsqgykqeowkauew.xyz,0,2025-10-26T21:00:33.650Z,FALSE
uigscyikucsssywc.xyz,0,2025-10-26T21:00:33.650Z,FALSE
aogeqwoygugqoyai.xyz,0,2025-10-26T21:00:33.650Z,FALSE
makwagoekyyggcua.xyz,0,2025-10-26T21:00:33.650Z,FALSE
owsuqosaqqcoqike.xyz,0,2025-10-26T21:00:33.650Z,FALSE
uwasggaioieqcwwk.xyz,0,2025-10-26T21:00:33.650Z,FALSE
ggaesioiawsqqcig.xyz,0,2025-10-26T21:00:33.650Z,FALSE
aiwowmmmkoocssge.xyz,0,2025-10-26T21:00:33.650Z,FALSE
mmikceyeummsosyu.xyz,0,2025-10-26T21:00:33.650Z,FALSE
qooqoukqkgyqoaac.xyz,0,2025-10-26T21:00:33.650Z,FALSE
ykyoicoiagkqkkyg.xyz,0,2025-10-26T21:00:33.650Z,FALSE
msuommcmwoukcckk.xyz,0,2025-10-26T21:00:33.650Z,FALSE
secowygwmmmkcwmw.xyz,0,2025-10-26T21:00:33.650Z,FALSE
wmygkacmoakikmmq.xyz,0,2025-10-26T21:00:33.650Z,FALSE
kiwkumqysyukeaae.xyz,0,2025-10-26T21:00:33.650Z,FALSE
isyyyccygcaqekkk.xyz,0,2025-10-26T21:00:33.650Z,FALSE
cmmsqkqgyaaegiya.xyz,0,2025-10-26T21:00:33.650Z,FALSE
uqgkwmmcuymweyig.xyz,0,2025-10-26T21:00:33.650Z,FALSE
oecgcwgweukekyus.xyz,0,2025-10-26T21:00:33.650Z,FALSE
gocymeuamgmiaqcg.xyz,0,2025-10-26T21:00:33.650Z,FALSE
cgewwcmoqmkgsgwe.xyz,0,2025-10-26T21:00:33.650Z,FALSE
iegswuwausokumcs.xyz,0,2025-10-26T21:00:33.650Z,FALSE
ekwowwqkwagougcg.xyz,0,2025-10-26T21:00:33.650Z,FALSE
owuigkueygaiogsq.xyz,0,2025-10-26T21:00:33.650Z,FALSE
wmqaqqqcuiaikeuw.xyz,0,2025-10-26T21:00:33.650Z,FALSE
msiowmuwgaowicqm.xyz,0,2025-10-26T21:00:33.650Z,FALSE
eqkguycwokaoeauc.xyz,0,2025-10-26T21:00:33.650Z,FALSE
wuimqmygmoywckcy.xyz,0,2025-10-26T21:00:33.650Z,FALSE
uciacqqokkomgkkk.xyz,0,2025-10-26T21:00:33.650Z,FALSE
cgookgqciogkssqc.xyz,0,2025-10-26T21:00:33.650Z,FALSE
waagwimyaokigiew.xyz,0,2025-10-26T21:00:33.650Z,FALSE
kwkkuuwowommcowq.xyz,0,2025-10-26T21:00:33.650Z,FALSE
syasseosugesgyws.xyz,0,2025-10-26T21:00:33.650Z,FALSE
oqwumwmiagacceco.xyz,0,2025-10-26T21:00:33.650Z,FALSE
uckieeaqygcgeisq.xyz,0,2025-10-26T21:00:33.650Z,FALSE
wmygaecmuocmciuq.xyz,0,2025-10-26T21:00:33.650Z,FALSE
wawcwiscueekagma.xyz,0,2025-10-26T21:00:33.650Z,FALSE
ecywwkwocsyeicue.xyz,0,2025-10-26T21:00:33.650Z,FALSE
owyywqkemomgaasw.xyz,0,2025-10-26T21:00:33.650Z,FALSE
gucgygkmwcooweig.xyz,0,2025-10-26T21:00:33.650Z,FALSE
sseeiqmkikeaikyg.xyz,0,2025-10-26T21:00:33.650Z,FALSE
kciawywuesucaaco.xyz,0,2025-10-26T21:00:33.650Z,FALSE
ucucymgmuosykgos.xyz,0,2025-10-26T21:00:33.650Z,FALSE
ykkioygscwcqkamm.xyz,0,2025-10-26T21:00:33.650Z,FALSE
cmoqooayukqgueye.xyz,0,2025-10-26T21:00:33.650Z,FALSE
ikuqgiwseaoaesiu.xyz,0,2025-10-26T21:00:33.650Z,FALSE
ewgouaoskwswqwke.xyz,0,2025-10-26T21:00:33.650Z,FALSE
eqiummymcoeoouoq.xyz,0,2025-10-26T21:00:33.650Z,FALSE
mawmyqmmmacekwua.xyz,0,2025-10-26T21:00:33.650Z,FALSE
kcwukyoqwgyykewg.xyz,0,2025-10-26T21:00:33.650Z,FALSE
