domain,status
ticketportal-google.com,inactive
es-avisosportal.com,inactive
es-portal-avisos.com,inactive
mysandgrid.com,inactive
myledgerdashboard.com,inactive
firmwareportal.tech,inactive
mydashboardportal.cc,active
terminateloginsession.com,inactive
intellix-capitalone-login.cc,active
sso-sendgridnetwork.com,inactive
portal-ssg.com,inactive
mycraportal.com,inactive
regions-one-pass-login.com,active
ebranch-login.pro,active
portal-hubspotinc.com,inactive
gcareersteamgrid.com,inactive
login-e-pueyo.com,inactive
662772-ledger.com,active
gcareershiregrid.com,inactive
internal-sendgrid.com,active
claims-portal-celsius.network,inactive
shturvlteamlogin.com,active
giro-portal.com,inactive
login-myservces.info,active
coba-sicherheitsportal.app,inactive
loginservice-ato.com,inactive
coinbase-security-portal.com,inactive
servicesauclientlogin.com,inactive
govservicesau-loginsecure.com,inactive
empresas-bbva-login.com,inactive
ledgerfirmwareupdater.com,inactive
es-avisologin.com,inactive
myledger-dashboard.com,inactive
patch-ledgerfirmware.com,inactive
acessoveiculos-contato.com,active
acesso-despachante.com,active
bankinter-empresaslogin.com,inactive
927372-ledger.com,active
quickassessportal.icu,inactive
es-accesos-login.com,inactive
gcareersgrid.com,inactive
es-login-incidencia.com,inactive
es-usuario-login.com,inactive
es-accesologin.com,inactive
portalservicocarro.com,active
es-login-avisos.com,inactive
reset-mylogin.com,inactive
updatemssoft.com,active
es-portal-soporte.com,inactive
ledgerrepaircheck.com,active
commerzsicherheitsportal.com,inactive
ledger-diagnostic.support,active
myledgerupdates.com,active
gcareersstaffgrid.com,inactive
gcareersworkgrid.com,inactive
gcareersapplyportal.com,inactive
myrbcportals.com,inactive
ie-renewlogin.com,inactive
secureportal-google.com,inactive
newclaimportal.icu,inactive
yourevalportal.icu,inactive
emboldculogin.com,active
es-app-portal.com,inactive
es-portal-aviso.com,inactive
mbloginbusiness.com,active
loginkafaceithuy22.com,active
google-activityportal.com,inactive
clientdeskportal.live,inactive
loginkadlyainvite321.com,active
portalbirge.com,active
comdi-sicherheitsportal.app,inactive
commerz-systemportal.com,inactive
portal-soportes.com,inactive
portal-usuariosweb.com,inactive
swim-login.top,inactive
loginweb-bankinter.com,inactive
consumerportal-coinbase.com,active
customonlinelogin-ato.com,inactive
ledgersecureupdate2025.live,active
logins-google.com,inactive
ledger-alerts.com,active
portal-incidente.com,inactive
portalweb-bankinter.com,inactive
es-portal-avisoweb.com,inactive
es-accesso-ayuda.com,inactive
newadviceportal.com,active
myportal-icloud.com,active
portal-bankinter.com,inactive
sso-sendgrid.com,inactive
fix-ledger.com,active
deuba-serviceportal.com,active
gcareersroleportal.com,inactive
soportes-portal.com,inactive
es-app-portalweb.com,inactive
app-portalweb.com,inactive
es-portal-incidencias.com,inactive
app-portal-clientes.com,inactive
es-portal-servicios.com,inactive
g-logins.net,inactive
g-login.net,inactive
portal-avisos.com,inactive
thesendindexgrid.com,inactive
portal-particular.com,inactive
network-sendgrid.com,inactive
4191384-ledger.com,active
app-soporte-portal.com,inactive
logintomyinfo.com,inactive
webportal-bankinter.com,inactive
es-portalweb-soporte.com,inactive
avisos-portalapp.com,inactive
avisos-loginapp.com,inactive
incidencias-webportal.com,inactive
myledgerupdated.com,inactive
ledgerliveassets.com,active
nledgerlive.com,active
firmware-ledgerlive.com,inactive
ledgernotify.com,active
info-portalapp.com,inactive
securityupdate-ledger.com,active
reset-myportal.com,inactive
dashboard-ledgerlive.com,inactive
designportal.net,inactive
gatewaytaxlogin.com,inactive
au-accessportal.info,active
https-sendgrid.com,inactive
loginlink3.com,active
portal-appinfo.com,inactive
device-sendgrid.com,inactive
login-aus-serv.com,active
recoveryportal-gmail.com,inactive
firmwareledger-live.com,inactive
thegridindexsend.com,inactive
myloginfoau.com,inactive
navigate-sendgrid.com,inactive
login-accesd.com,inactive
claimreportportal.cc,active
t-sendgrid.com,inactive
manage-ledgerlive.com,inactive
userdashportal.info,active
thesenddashboardgrid.com,inactive
shibportal-token.com,inactive
shibtoken-portal.org,inactive
google-securityportal.com,inactive
entryupdateportal.icu,inactive
dashboard-sendgridlogin.com,inactive
es-portalweb-usuarios.com,inactive
gjobsportalpro.com,inactive
login-aus-serv.net,inactive
login-aud-gov.com,active
login-alertmedia.com,inactive
ledger-devicechecks.com,active
es-portalweb-clientes.com,inactive
portal-shib.net,inactive
portal-appbankinter.com,inactive
es-soportes-portalweb.com,inactive
es-soporte-portalweb.com,inactive
gestion-login.com,inactive
vb-portal.com,inactive
app-logininicio.com,inactive
krollra-portal.com,active
quicklogin-w3lls.com,inactive
portal-shib.com,inactive
membershelpportal.live,inactive
dashloginpoint.info,active
email-sendgridservice.com,inactive
ausportal.info,active
userreviewportal.icu,inactive
memberhelpsportal.live,active
aug0vportal.icu,inactive
auth-ledger.net,inactive
login-advertencia.com,inactive
smartportal-coinbase.com,active
app-logininfo.com,inactive
accessg0vportal.icu,inactive
google-secureportal.com,inactive
ledger-live-verifikation.com,active
clienteautoportal.com,active
inicioclienteportal.com,active
ledger-live-restore.com,active
escritorioportaldigital.com,active
servicosportalescritorio.com,active
autoportaldigital.com,active
webhook-sendgridservice.com,inactive
remote-sendgridlogin.com,inactive
app-loginmovil.com,inactive
app-portal-usuarios.com,inactive
us-mailchimplogin.com,inactive
resetmyportal.com,inactive
inicio-loginapp.com,inactive
login-appbankinter.com,inactive
grandpashabetlogin.com,inactive
api-sendgridservice.com,inactive
app-usuarios-portalweb.com,inactive
inicio-portalweb.com,inactive
discover-portal.com,inactive
app-infologin.com,inactive
loginmytxtimeau.com,active
es-portal-acceso.com,inactive
avisos-portalweb.com,inactive
grandpashabetlogin2025.com,inactive
sgservices-login.com,inactive
de-ledger.app,active
providerportalont.com,inactive
gmailservices-login.com,inactive
portal-incidencia.com,inactive
partnerdashboard-sglogin.com,inactive
gestor-portal.com,inactive
app-infoportal.com,inactive
duedocumentportal.icu,active
ledger-germany.com,active
login-usuarioinfo.com,inactive
portalbirdge.net,active
sendportallogin.com,inactive
thesendgatewaygrid.com,inactive
portal-jeton.com,inactive
3c-portals.com,inactive
nabausecurelogin-verify.com,inactive
govauinboxclientsecure-login.com,inactive
servicportaltxlodg.top,inactive
usuario-portal.com,inactive
portal-atencion.com,inactive
atencion-portal.com,inactive
ledgernotifications.com,active
login-gestor-bankinter.com,inactive
ledger-authorise.com,active
portal-web.info,inactive
login-auth-microsoft.com,inactive
govausecureclientlogin.com,inactive
gtalentportal.com,inactive
usuarios-portal.com,inactive
session-sendgrid.com,inactive
rbc1portal.com,inactive
assessmentserviceportal.icu,inactive
info-datafilingportal.icu,active
ontbenefitportal.com,inactive
reactivatemyledger.com,inactive
dash-sendgrid.com,inactive
portalservicosauto.com,active
portalautodigital.com,active
portalcarrodigital.com,active
connect-ledgerlive.com,inactive
quicklogin-chme.top,inactive
portal-soporteinfo.com,inactive
checkledgerdevice.com,active
premium-sicherheitsportal-targo.com,inactive
internal-ledger.com,inactive
autoportalclientes.com,active
portal-coin-base.com,active
login-malina.casino,active
portaltobltcoin.com,inactive
info-loginusuario.com,inactive
quicklogin-w3lls.top,inactive
419931-ledger.com,active
371757-ledger.com,active
myscotiaportal.com,inactive
587273-ledger.com,active
774828-ledger.com,active
loginusuario-bankinter.com,inactive
login-resmi.com,active
clientportal-auth.com,active
ledger-start.com,inactive
ledger-dapps.com,active
login-accesos.com,inactive
native-sendgrid.com,inactive
lgn-mylodgesubmisson.online,inactive
enter-sendgridnetwork.com,inactive
govauinboxservices-securelogin.com,inactive
portalveiculoscliente.com,active
portalatendimentocarros.com,active
network-ledger.live,inactive
accesos-login.com,inactive
portal-identidad.com,inactive
portalclienteautomoveis.com,active
portalrbc2.com,inactive
ledgerhelpsdesk.com,inactive
portalpagseguro.online,inactive
nl-ledger.com,active
ledger-nl.net,active
dashboard-sendgridnetwork.com,inactive
networkledger.live,inactive
myhargreavesportal.com,inactive
hargreavesonlineportal.com,active
login-ingresos.com,inactive
portalrefveiculo.com,active
portalfacilauto.com,active
portaldigitalauto.com,active
carrofaciportal.com,active
portaldigitaltransito.com,active
fartlessofsol.net,inactive
gestiones-portal.com,inactive
portal-bridge.app,inactive
au-info-login.com,inactive
noreplybutdotherightfullogin.top,inactive
de-login.cc,active
ledgersoftware.live,active
ingreso-login.com,inactive
germany-ledger.com,active
portal-goldendragon.online,inactive
accountlogin-bitpanda.com,active
bitpanda-accountlogin.com,active
fix-sendgrid.com,inactive
portal-cliente.com,inactive
guncellogin.vip,active
portal-auth3.com,active
portal-gestion.com,inactive
portal-assistencia.com,inactive
es-weblogin.com,inactive
portal-gestor.com,inactive
trezor-portalsuite.com,inactive
es-portalaviso.com,inactive
web-infoportal.com,inactive
portalrbc3.com,inactive
accessreviewportal.icu,inactive
verify-ledger.com,active
portal-sophon.com,inactive
account-dispute-portal.center,active
g0vserviceportal.icu,inactive
accessonlineservice.icu,inactive
quotex-login-pk.com,active
quotex-login-bd.com,active
trakesso.com,active
quotex-login-in.com,active
autogridrepair.com,active
yenilogin.vip,active
moonridgeportal.info,active
portal-infoapp.com,inactive
au-service-login.com,inactive
userserviceportal.icu,inactive
verificacion-login.com,inactive
scotiaportal1.com,inactive
banca-login.com,inactive
cibcsecureportal.com,inactive
es-avisoportal.com,inactive
info-loginbankinter.com,inactive
portal-st.com,active
acessodasguiasfacilitado.com,active
acessodespachanteremoto.com,active
acessoguiasremotas.com,active
acessoguiasdespachodosc.com,active
accesswe3llsportal.com,inactive
firstledgerextension.store,active
swiftportalsyn.xyz,active
swiftportalprotocol.live,active
portal-gestores.com,inactive
portal-infobankinter.com,inactive
access-portal-ftx.com,inactive
ftx-access-portal.com,active
my-info-aus-login.com,inactive
urgencia-portal.com,inactive
login-avisoinfo.com,inactive
login-aus-server.net,active
userportal1frostbank.com,active
ledger-liverepair.com,active
web-portalsoporte.com,inactive
acessportalcustomer-w3lls.top,inactive
portal-avisosweb.com,inactive
particulares-portal.net,inactive
logindifferent.top,active
ledger-web.com,active
official01portal-dproc.icu,inactive
empresas-loginweb.com,inactive
app-inicioportal.com,inactive
ledger-web.app,active
portaltobitcoin.app,inactive
centerlink2025portal.com,inactive
myportal-centre-link.tax,active
giris-portal.com,inactive
gteamportal.com,inactive
at-ledger.com,active
logintaxsupport.top,inactive
login-coinbase.com,active
logininfosupport.top,inactive
gteamsportal.com,inactive
portal-inicioapp.com,inactive
notice-portal-ftx.com,inactive
ftx-portal-notice.com,active
ftx-notice-portal.com,inactive
rbcportaldevice.com,inactive
rbcdeviceportal1.com,inactive
portal-notices.com,inactive
portal-alerta.com,inactive
portal-directo.com,inactive
rbcportalsecure.com,inactive
ffcbusinessolb-secure.com,active
portal-auth04.com,inactive
gestion-portal.com,inactive
soporte-portalweb.com,inactive
es-login-inicio.com,inactive
login-gestion.com,inactive
portal-autenticacion.com,inactive
portal-verificacion.com,inactive
trezorsuite-portal.com,active
itslogin.net,inactive
ledgerassets.live,active
onlinebanking-login.com,active
sheesha-portal.com,active
portalatendimentocliente.com,active
escritorioclienteportal.com,active
servicoveiculosportal.com,active
portalservicoveiculos.com,active
it-ledger.net,active
empresa-portalseguro.com,active
grecruitjobportal.com,active
login-infobankinter.com,inactive
banca-portal.com,inactive
w7-ledgerlive.com,active
truis02tsigni02ndsbar-login-dashbaord.pro,active
web-loginbankinter.com,active
portal-weblogin.com,inactive
usuarios-portalweb.com,inactive
verifyportalcustomer-w3lls.top,active
accesos-portalweb.com,active
targo-xportale.com,inactive
xportal-targo.com,inactive
bankinter-portal.com,inactive
grecruitportal.com,active
web-loginportal.com,inactive
soporte-loginapp.com,active
empresa-loginweb.com,inactive
login-inicioweb.com,inactive
app-gestorportal.com,active
login-c2025.com,active
jokerbetgrid.com,active
girisportali24.com,active
gworkportal.com,active
portal-soportevirtual.com,inactive
login-gestorweb.com,inactive
info-loginapp.com,active
connections-ledger.com,active
login-myyahoo.com,active
portal-soportesweb.com,active
app-loginweb.com,active
ptb-portaltobitcoin.com,inactive
info-loginweb.com,active
login-acceso.com,active
portal-datos.com,inactive
es-portal-datos.com,active
portal-auth03.com,active
ledger-device-setup.com,active
portaldoautoonline.com,active
facilportalcarro.com,active
padisahbet-girisportali.com,active
login-2025hemen.com,active
ptb-portal.com,active
login-adrows.com,active
signal-matrix-gridwork.com,active
rbc-portal-manage.com,active
incidencia-login.com,active
portal-avisoapp.com,active
aviso-loginweb.com,active
xenoledgerwallet.eu.com,active
www-login-adwopbs.com,active
iniciodigitalportal.com,active
portalatendevirtual.com,active
ledger-security.net,active
ledger-app-setup.com,active
portal-loginapp.com,active
girisportali24.vip,active
verseportal.claims,active
aviso-portalapp.com,active
my-aus-login.com,active
acueductoportal.com,active
portalreservista.com,active
portal-cuentas.com,active
login-portalweb.com,active
portalccir.com,active
loginaccessonline.com,active
nl-ledger.app,active
segurossoatmundial.top,active
logins-mygov.live,active
tr-logins.com,active
portal-informacion.com,active
unicredit-login.com,active
login-avisosweb.com,active
portal-consulta.com,active
daten-portal.live,active
portal-consultas.com,active
es-logingestion.com,active
login-infousuarios.com,active
info-loginusuarios.com,active
login-accesoinfo.com,active
secureaccessportalw3lls.top,active
my2025reviewportal.info,active
digitalautoportal.com,active
portalstobitcoin.xyz,active
confirm-gridwork-fabric.com,active
ledgerwalletinsure.com,active
openledgercheck.xyz,active
login-soportesweb.com,active
propfirmreviewportal.top,active
portal-appinicio.com,active
loginsolflare.com,active
gestiones-portalweb.com,active
verifyloginrbc.com,active
login-hmgov.com,active
activate-myledger.com,active
facilidadedasemissoes.com,active
systemic-gridwork-light.com,active
home-loginguv.com,active
ledgernotification.com,active
