type,value,source
domain,abnalooded.shop,unit42
domain,adactrosce.shop,unit42
domain,adaerrionn.shop,unit42
domain,adriconisp.shop,unit42
domain,aenianoret.shop,unit42
domain,agamicaiso.shop,unit42
domain,agglencaka.shop,unit42
domain,airilmatet.shop,unit42
domain,alatianeux.shop,unit42
domain,alizabruth.shop,unit42
domain,allanoreca.shop,unit42
domain,allorebeek.shop,unit42
domain,altirotino.shop,unit42
domain,amitegrior.shop,unit42
domain,apapsticka.shop,unit42
domain,apederoier.shop,unit42
domain,aplindonct.shop,unit42
domain,appouribed.shop,unit42
domain,ariarlonte.shop,unit42
domain,aristeusas.shop,unit42
domain,arontemmud.shop,unit42
domain,arpticione.shop,unit42
domain,aslimedicy.shop,unit42
domain,assifeloni.shop,unit42
domain,auniervelf.shop,unit42
domain,ayarleiter.shop,unit42
domain,aymardiged.shop,unit42
domain,ayrdrabion.shop,unit42
domain,badocamano.shop,unit42
domain,bainimpeep.shop,unit42
domain,balicamogs.shop,unit42
domain,banownerou.shop,unit42
domain,barrarieam.shop,unit42
domain,batedecard.shop,unit42
domain,bateouclay.shop,unit42
domain,batitzeneb.shop,unit42
domain,becipulant.shop,unit42
domain,beloisutor.shop,unit42
domain,beredginos.shop,unit42
domain,beroulilly.shop,unit42
domain,berrenseud.shop,unit42
domain,bersoenchi.shop,unit42
domain,bianearvel.shop,unit42
domain,bipriedily.shop,unit42
domain,biratatout.shop,unit42
domain,biroppiabi.shop,unit42
domain,blamedelon.shop,unit42
domain,bobetilawn.shop,unit42
domain,boburtrano.shop,unit42
domain,bohatacily.shop,unit42
domain,bondonmera.shop,unit42
domain,boocairral.shop,unit42
domain,boribuloot.shop,unit42
domain,borutecult.shop,unit42
domain,bpodisthor.shop,unit42
domain,bracradlaw.shop,unit42
domain,braposigun.shop,unit42
domain,bratueaffy.shop,unit42
domain,brinhisarn.shop,unit42
domain,bufabating.shop,unit42
domain,bunsmotail.shop,unit42
domain,burnninear.shop,unit42
domain,cafenneras.shop,unit42
domain,calesuinoi.shop,unit42
domain,calousaire.shop,unit42
domain,canimencoe.shop,unit42
domain,cenoosemat.shop,unit42
domain,cerotaryna.shop,unit42
domain,cescenecad.shop,unit42
domain,cesegutard.shop,unit42
domain,chetubases.shop,unit42
domain,chouronuel.shop,unit42
domain,cintongurp.shop,unit42
domain,citeenneph.shop,unit42
domain,clagizeard.shop,unit42
domain,clanuncapp.shop,unit42
domain,clineempur.shop,unit42
domain,cliplicaky.shop,unit42
domain,coisevelee.shop,unit42
domain,colthivald.shop,unit42
domain,colutrocal.shop,unit42
domain,congonusat.shop,unit42
domain,contunsind.shop,unit42
domain,coptisigae.shop,unit42
domain,cransalgap.shop,unit42
domain,crererirro.shop,unit42
domain,criganditz.shop,unit42
domain,cronpinecs.shop,unit42
domain,cygadecony.shop,unit42
domain,daggenutto.shop,unit42
domain,daiprootia.shop,unit42
domain,daitindeur.shop,unit42
domain,dalminatoy.shop,unit42
domain,dampitoges.shop,unit42
domain,davinetolu.shop,unit42
domain,deciagisom.shop,unit42
domain,deciedoths.shop,unit42
domain,decongmerr.shop,unit42
domain,defitmotor.shop,unit42
domain,deflasiasu.shop,unit42
domain,depwatinks.shop,unit42
domain,derladundo.shop,unit42
domain,descooryst.shop,unit42
domain,deshaierce.shop,unit42
domain,desioplica.shop,unit42
domain,desorlived.shop,unit42
domain,diagralote.shop,unit42
domain,dicasmimba.shop,unit42
domain,dicteruing.shop,unit42
domain,dinalyarea.shop,unit42
domain,djatonalli.shop,unit42
domain,doniffoise.shop,unit42
domain,dornsencum.shop,unit42
domain,dorreepabe.shop,unit42
domain,dralonaiks.shop,unit42
domain,drumulashy.shop,unit42
domain,duertaidea.shop,unit42
domain,duseinseef.shop,unit42
domain,dvingebern.shop,unit42
domain,dvispeliff.shop,unit42
domain,dwasinnath.shop,unit42
domain,earatfeste.shop,unit42
domain,ebackidese.shop,unit42
domain,ecloscathy.shop,unit42
domain,eclumilion.shop,unit42
domain,ecophietex.shop,unit42
domain,ecuousprer.shop,unit42
domain,edaratoreb.shop,unit42
domain,eidieatous.shop,unit42
domain,ejevionean.shop,unit42
domain,emenamethi.shop,unit42
domain,emencisaph.shop,unit42
domain,emoonasesh.shop,unit42
domain,empesegges.shop,unit42
domain,empteedani.shop,unit42
domain,enthainnod.shop,unit42
domain,epiaphearm.shop,unit42
domain,eradercohs.shop,unit42
domain,eratmalasp.shop,unit42
domain,ergomagear.shop,unit42
domain,erookileds.shop,unit42
domain,errespatam.shop,unit42
domain,escarflaud.shop,unit42
domain,estwarsead.shop,unit42
domain,ethokading.shop,unit42
domain,eugerracef.shop,unit42
domain,eupotoreth.shop,unit42
domain,euregounit.shop,unit42
domain,eutouperge.shop,unit42
domain,eviratulon.shop,unit42
domain,fabetrapeg.shop,unit42
domain,faditalahs.shop,unit42
domain,faessiolaf.shop,unit42
domain,fdidinteaf.shop,unit42
domain,fealmacous.shop,unit42
domain,fecractolk.shop,unit42
domain,feernallet.shop,unit42
domain,feingearen.shop,unit42
domain,fempenerud.shop,unit42
domain,fererrhell.shop,unit42
domain,fersoforab.shop,unit42
domain,ferturecyx.shop,unit42
domain,feusticros.shop,unit42
domain,fieroymara.shop,unit42
domain,finnaparef.shop,unit42
domain,fiolininic.shop,unit42
domain,flathratub.shop,unit42
domain,fliuratals.shop,unit42
domain,foeinalani.shop,unit42
domain,foinatitsu.shop,unit42
domain,folaspitah.shop,unit42
domain,folategesa.shop,unit42
domain,folefasild.shop,unit42
domain,foupottenz.shop,unit42
domain,frasmurenu.shop,unit42
domain,freriteful.shop,unit42
domain,frilltabob.shop,unit42
domain,fulagrecel.shop,unit42
domain,gandowoman.shop,unit42
domain,garaumaite.shop,unit42
domain,gatesatore.shop,unit42
domain,geindeabit.shop,unit42
domain,geltioblee.shop,unit42
domain,geltoridus.shop,unit42
domain,gemiastens.shop,unit42
domain,genastiffy.shop,unit42
domain,genctuphow.shop,unit42
domain,gengateppa.shop,unit42
domain,genhiminer.shop,unit42
domain,genoubbell.shop,unit42
domain,gerpricouf.shop,unit42
domain,ghigasalla.shop,unit42
domain,ghorcasino.shop,unit42
domain,ghorelolif.shop,unit42
domain,ghosoneadh.shop,unit42
domain,gnatiansue.shop,unit42
domain,gnorreserv.shop,unit42
domain,gogierworn.shop,unit42
domain,gonstatoff.shop,unit42
domain,goorribleh.shop,unit42
domain,gortbionar.shop,unit42
domain,grarpetelg.shop,unit42
domain,griestclee.shop,unit42
domain,grogarblip.shop,unit42
domain,grotivilga.shop,unit42
domain,grueuranel.shop,unit42
domain,guncorclaw.shop,unit42
domain,habounattp.shop,unit42
domain,haliacrumi.shop,unit42
domain,hamcidenta.shop,unit42
domain,hanaptalef.shop,unit42
domain,hanceiturr.shop,unit42
domain,haramopala.shop,unit42
domain,hardinpion.shop,unit42
domain,hartsitrov.shop,unit42
domain,hatancelob.shop,unit42
domain,hatepirior.shop,unit42
domain,hatinbitra.shop,unit42
domain,heametakeg.shop,unit42
domain,heltrumion.shop,unit42
domain,hentexonaw.shop,unit42
domain,herislotap.shop,unit42
domain,heterednid.shop,unit42
domain,himatexerd.shop,unit42
domain,hiteranegg.shop,unit42
domain,hitronforl.shop,unit42
domain,hmodeaving.shop,unit42
domain,holathsirt.shop,unit42
domain,hoomprefor.shop,unit42
domain,hopteshing.shop,unit42
domain,howerpecus.shop,unit42
domain,hypseheran.shop,unit42
domain,icheruener.shop,unit42
domain,illinduinh.shop,unit42
domain,illukinalk.shop,unit42
domain,imipellini.shop,unit42
domain,imittessup.shop,unit42
domain,inerymblet.shop,unit42
domain,inideernez.shop,unit42
domain,inluriaton.shop,unit42
domain,insfanceld.shop,unit42
domain,invinopult.shop,unit42
domain,ionghecton.shop,unit42
domain,irighorpic.shop,unit42
domain,irogeoramy.shop,unit42
domain,isrolleran.shop,unit42
domain,itabraragg.shop,unit42
domain,itearipake.shop,unit42
domain,jadicalebt.shop,unit42
domain,jadstearem.shop,unit42
domain,jaleemontz.shop,unit42
domain,jandecedow.shop,unit42
domain,jariboorow.shop,unit42
domain,jashigotie.shop,unit42
domain,jastiveyes.shop,unit42
domain,jatateengi.shop,unit42
domain,jeetizedue.shop,unit42
domain,jessmoiren.shop,unit42
domain,jollnelaph.shop,unit42
domain,jontiviboy.shop,unit42
domain,jopelialia.shop,unit42
domain,jousclemix.shop,unit42
domain,judatapolk.shop,unit42
domain,judormesia.shop,unit42
domain,juisiftend.shop,unit42
domain,kanombrify.shop,unit42
domain,kaunarermy.shop,unit42
domain,keebrishap.shop,unit42
domain,kendsalted.shop,unit42
domain,keocateaby.shop,unit42
domain,khatepinao.shop,unit42
domain,kicteetecy.shop,unit42
domain,kileriebas.shop,unit42
domain,kineschtse.shop,unit42
domain,kirenfedit.shop,unit42
domain,kiserluter.shop,unit42
domain,kislimarix.shop,unit42
domain,kloanstiam.shop,unit42
domain,klouitinit.shop,unit42
domain,knittloron.shop,unit42
domain,kolexesity.shop,unit42
domain,koomassorb.shop,unit42
domain,kunestreha.shop,unit42
domain,kyuatiange.shop,unit42
domain,labaseceen.shop,unit42
domain,laisapplas.shop,unit42
domain,lamonchara.shop,unit42
domain,lareptraik.shop,unit42
domain,laterefloe.shop,unit42
domain,lauticysty.shop,unit42
domain,leannoshiv.shop,unit42
domain,lerbalonae.shop,unit42
domain,lettheoson.shop,unit42
domain,leutenicit.shop,unit42
domain,liletteerv.shop,unit42
domain,linauscage.shop,unit42
domain,lisertoing.shop,unit42
domain,llenercleo.shop,unit42
domain,llerresesk.shop,unit42
domain,loctrocoil.shop,unit42
domain,loneciaire.shop,unit42
domain,lookarearr.shop,unit42
domain,loposcanga.shop,unit42
domain,lumbricoup.shop,unit42
domain,lumiretail.shop,unit42
domain,macraceshi.shop,unit42
domain,madonoblee.shop,unit42
domain,magarghant.shop,unit42
domain,mauateddle.shop,unit42
domain,mcancenarl.shop,unit42
domain,mckalipash.shop,unit42
domain,meakypated.shop,unit42
domain,medneenace.shop,unit42
domain,menouledat.shop,unit42
domain,mindolmeto.shop,unit42
domain,mithoprido.shop,unit42
domain,modananged.shop,unit42
domain,moliasthah.shop,unit42
domain,monadownot.shop,unit42
domain,moproggily.shop,unit42
domain,morithstio.shop,unit42
domain,mudetinfry.shop,unit42
domain,myrecalset.shop,unit42
domain,nagevintha.shop,unit42
domain,nariakiret.shop,unit42
domain,natolumory.shop,unit42
domain,neledeleut.shop,unit42
domain,neomicioto.shop,unit42
domain,newolenuel.shop,unit42
domain,nialigaism.shop,unit42
domain,ninleurism.shop,unit42
domain,nonnitirya.shop,unit42
domain,notonabbyn.shop,unit42
domain,nublericio.shop,unit42
domain,oacrialext.shop,unit42
domain,oanelonshy.shop,unit42
domain,oaraionees.shop,unit42
domain,oaresusird.shop,unit42
domain,ocelifetep.shop,unit42
domain,oddineroal.shop,unit42
domain,ogireepect.shop,unit42
domain,ogreenanes.shop,unit42
domain,ojinavenie.shop,unit42
domain,olaneuracs.shop,unit42
domain,ollismiole.shop,unit42
domain,opereldiga.shop,unit42
domain,oprinsuntz.shop,unit42
domain,orapetchut.shop,unit42
domain,orderfigle.shop,unit42
domain,oricuneles.shop,unit42
domain,ortongeces.shop,unit42
domain,ottonottar.shop,unit42
domain,oweetiourb.shop,unit42
domain,paimareeng.shop,unit42
domain,palayscrak.shop,unit42
domain,paleertlog.shop,unit42
domain,pardyerenn.shop,unit42
domain,patarilobt.shop,unit42
domain,patortethm.shop,unit42
domain,pendsaload.shop,unit42
domain,pensuslork.shop,unit42
domain,penteibean.shop,unit42
domain,pentsucurg.shop,unit42
domain,pereeloeam.shop,unit42
domain,pergognoss.shop,unit42
domain,phaughtard.shop,unit42
domain,phlatalles.shop,unit42
domain,phosandeat.shop,unit42
domain,pimeedrang.shop,unit42
domain,pirginicae.shop,unit42
domain,pirrikider.shop,unit42
domain,plabegarox.shop,unit42
domain,placrobest.shop,unit42
domain,plenatulis.shop,unit42
domain,pligoolute.shop,unit42
domain,plotheenat.shop,unit42
domain,pnelisquid.shop,unit42
domain,podogierah.shop,unit42
domain,polamayboy.shop,unit42
domain,polstiagle.shop,unit42
domain,ponsepeity.shop,unit42
domain,porleurrel.shop,unit42
domain,poructablo.shop,unit42
domain,poualiform.shop,unit42
domain,praddeerag.shop,unit42
domain,prifuletor.shop,unit42
domain,proserntou.shop,unit42
domain,psainasurn.shop,unit42
domain,pssathonom.shop,unit42
domain,qininsorac.shop,unit42
domain,quallytint.shop,unit42
domain,quantiefab.shop,unit42
domain,quoussoneo.shop,unit42
domain,qwenauracy.shop,unit42
domain,ramaleabor.shop,unit42
domain,ramprigoni.shop,unit42
domain,rapepplork.shop,unit42
domain,rasitrinoz.shop,unit42
domain,reggeatiko.shop,unit42
domain,renstuphew.shop,unit42
domain,repedlerme.shop,unit42
domain,rergatridd.shop,unit42
domain,rhelessosh.shop,unit42
domain,rhopanspas.shop,unit42
domain,ricarapuid.shop,unit42
domain,rigleriten.shop,unit42
domain,ristaikett.shop,unit42
domain,roacebrate.shop,unit42
domain,ronuinelet.shop,unit42
domain,rooeansery.shop,unit42
domain,rousurotos.shop,unit42
domain,ruelidilar.shop,unit42
domain,rulisiorab.shop,unit42
domain,rundeadoem.shop,unit42
domain,ruresounat.shop,unit42
domain,samidirrum.shop,unit42
domain,sanileaghs.shop,unit42
domain,sanoeturie.shop,unit42
domain,sarrymorks.shop,unit42
domain,sattonrass.shop,unit42
domain,scierimpae.shop,unit42
domain,scolfiroud.shop,unit42
domain,scoreodepp.shop,unit42
domain,semaumporn.shop,unit42
domain,semiretisc.shop,unit42
domain,semsteroly.shop,unit42
domain,sennougula.shop,unit42
domain,serchiasma.shop,unit42
domain,sermarswin.shop,unit42
domain,sheordiscu.shop,unit42
domain,sidallifog.shop,unit42
domain,sitataditt.shop,unit42
domain,slanckibby.shop,unit42
domain,slarstensa.shop,unit42
domain,sleemanooh.shop,unit42
domain,slesividog.shop,unit42
domain,sliscenirs.shop,unit42
domain,slogurnatv.shop,unit42
domain,slonturude.shop,unit42
domain,snantoanny.shop,unit42
domain,snubacular.shop,unit42
domain,soenesperg.shop,unit42
domain,solurshish.shop,unit42
domain,spaboangal.shop,unit42
domain,splerkinfo.shop,unit42
domain,spostennie.shop,unit42
domain,squaispats.shop,unit42
domain,steearkerb.shop,unit42
domain,sterpsermo.shop,unit42
domain,stesainfie.shop,unit42
domain,stuspegrat.shop,unit42
domain,szectichel.shop,unit42
domain,tabotlades.shop,unit42
domain,taicirstah.shop,unit42
domain,tarymokero.shop,unit42
domain,teflartful.shop,unit42
domain,thecosilio.shop,unit42
domain,thiltretur.shop,unit42
domain,thisorstsy.shop,unit42
domain,ticamokini.shop,unit42
domain,timotizero.shop,unit42
domain,tobenoomal.shop,unit42
domain,tolaninved.shop,unit42
domain,tonternpra.shop,unit42
domain,trelilsism.shop,unit42
domain,trispatchi.shop,unit42
domain,tropangidh.shop,unit42
domain,tsisconsly.shop,unit42
domain,tulsivanty.shop,unit42
domain,tuntmastou.shop,unit42
domain,turabiluff.shop,unit42
domain,tyrushangy.shop,unit42
domain,uglasigasy.shop,unit42
domain,uramespita.shop,unit42
domain,urectasism.shop,unit42
domain,uromingape.shop,unit42
domain,ustengatie.shop,unit42
domain,vaniergurg.shop,unit42
domain,varsidilty.shop,unit42
domain,vatablenny.shop,unit42
domain,vattongeur.shop,unit42
domain,veloreatiz.shop,unit42
domain,veneggodic.shop,unit42
domain,ventogotit.shop,unit42
domain,vibbinsunk.shop,unit42
domain,vicachtost.shop,unit42
domain,vilasenewl.shop,unit42
domain,vioriedack.shop,unit42
domain,vlairefous.shop,unit42
domain,vlataptats.shop,unit42
domain,vodstarett.shop,unit42
domain,voilactimn.shop,unit42
domain,volaunaste.shop,unit42
domain,vomicingby.shop,unit42
domain,waddlatiem.shop,unit42
domain,wattiahiry.shop,unit42
domain,wattiermez.shop,unit42
domain,wavagervel.shop,unit42
domain,webetepred.shop,unit42
domain,wessneblas.shop,unit42
domain,wheherifin.shop,unit42
domain,whenvialep.shop,unit42
domain,wherietuau.shop,unit42
domain,whicaglias.shop,unit42
domain,wimargarow.shop,unit42
domain,wisonetolf.shop,unit42
domain,wolorepoge.shop,unit42
domain,womatodiet.shop,unit42
domain,wouroprago.shop,unit42
domain,wusericout.shop,unit42
domain,xresemurea.shop,unit42
domain,xvistiovis.shop,unit42
domain,yacatripts.shop,unit42
domain,yalerampos.shop,unit42
domain,yarorourts.shop,unit42
domain,yeaplemola.shop,unit42
domain,yeatenymbi.shop,unit42
domain,yescerbrag.shop,unit42
domain,yideresime.shop,unit42
domain,yoleresimp.shop,unit42
domain,youprisell.shop,unit42
domain,yularecent.shop,unit42
domain,zageondign.shop,unit42
domain,zarenorsar.shop,unit42
domain,zekensives.shop,unit42
domain,zerinnesph.shop,unit42
domain,zhevianery.shop,unit42
domain,ziniancrot.shop,unit42
domain,zloredipel.shop,unit42
domain,zoniasoung.shop,unit42
domain,zootacecon.shop,unit42
domain,zoratmelev.shop,unit42
